category,repository,package,version,outcome,evaded_both,status,baseline_test,exploit_reproduces,granularity,units_total,units_kept,winning_transform,transform_layers,semgrep_fixed,semgrep_new_full,semgrep_new_minimal,semgrep_new_final,codeql_fixed,codeql_new_full,codeql_new_minimal,codeql_new_final,detected_by,semgrep_top_rules,codeql_top_rules,ci_strategy,ci_verdict,audit_new,repo_suspect,semgrep_messages,codeql_messages,rerun,previous_outcome,previous_status
code-injection,handsontable/formula-parser,hot-formula-parser,3.0.0,ok,yes,minimized+evaded (ci:skipped),fail,yes,hunk,96,1,eval->Function+locals,sink,5,3,3,0,0,0,0,0,neither,,,exploit-minimal,skipped,0,,,,,ok,minimized+evaded (ci:skipped)
code-injection,mafintosh/is-my-json-valid,is-my-json-valid,2.20.0,ok,n/a (codeql),minimized+evaded (ci:preserved),fail,yes,line,4,2,,,2,0,0,0,,,,,neither,,,ci-unpreservable,preserved,0,,,,yes,benchmark-fail,baseline-already-vulnerable: image-not-fixed
code-injection,nodeca/js-yaml,js-yaml,3.13.0,ok,yes,minimized+evaded (ci:skipped),fail,yes,line,10,1,,,7,0,0,0,0,0,0,0,neither,,,exploit-minimal,skipped,0,,,,,ok,minimized+evaded (ci:skipped)
code-injection,m-prj/m-log,m-log,0.0.1,ok,yes,minimized+evaded (ci:skipped),fail,yes,line,4,1,,,6,0,0,0,0,0,0,0,neither,,,exploit-minimal,skipped,0,,,,,ok,minimized+evaded (ci:skipped)
code-injection,floatinghotpot/mixin-pro,mixin-pro,0.6.0,ok,yes,minimized+evaded (ci:skipped),fail,yes,line,2,1,,,8,0,0,0,0,0,0,0,neither,,,exploit-minimal,skipped,0,,,,,ok,minimized+evaded (ci:skipped)
code-injection,muzzley/mobile-icon-resizer,mobile-icon-resizer,0.4.0,ok,no,minimized+partial-evade (ci:none),fail,yes,line,5,1,eval->Function+locals,sink,8,4,4,1,6,0,0,1,both,secbench-tainted-code-exec×1,js/unsafe-code-construction×1,exploit-minimal,none,0,,secbench-tainted-code-exec @ lib/resize.js:32 — Untrusted input reaches a dynamic code-execution sink without passing through a sanitizer.,js/unsafe-code-construction @ lib/resize.js:32 — This string concatenation which depends on [library input](1) is later [interpreted as code](2).,,ok,minimized+partial-evade (ci:none)
code-injection,milojs/proto,mol-proto,0.1.3,setup-fail,,image-failed,,,,,,,,,,,,,,,,,,,,,,,,,yes,benchmark-fail,revert-applied-no-repro
code-injection,jhuckaby/pixl-class,pixl-class,1.0.0,ok,no,minimized+partial-evade (ci:none),fail,yes,line,2,1,,,5,3,3,3,0,2,2,2,both,eval-detected×1; mini-dynamic-code-evaluation×1; secbench-eval-call×1,js/unsafe-code-construction×2,exploit-minimal,none,0,,"eval-detected @ class.js:26 — Detected the use of eval(). eval() can be dangerous if used to evaluate dynamic content. If this content can be input from outside the program, this may be a code injection vulnerability. Ensure evaluated content is not… || mini-dynamic-code-evaluation @ class.js:26 — Runtime code evaluation. Turning a value into executable code -- via eval, the Function constructor, node:vm, a string-valued timer, or an alias/computed reference to any of them -- makes every value that reaches this e… || secbench-eval-call @ class.js:26 — eval() executes its argument as code; if attacker-controlled this is a code-injection sink.",js/unsafe-code-construction @ class.js:26 — This string concatenation which depends on [library input](1) is later [interpreted as code](2). || js/unsafe-code-construction @ class.js:26 — This string concatenation which depends on [library input](1) is later [interpreted as code](2).,,ok,minimized+partial-evade (ci:none)
code-injection,yahoo/serialize-javascript,serialize-javascript,2.0.0,benchmark-fail,,baseline-already-vulnerable: image-not-fixed,pass,,line,10,,,,,,,,,,,,,,,,,,,,,,benchmark-fail,baseline-already-vulnerable: image-not-fixed
code-injection,commenthol/serialize-to-js,serialize-to-js,0.5.0,exploit-fail,,poc-self-fires-on-revert,fail,,line,21,,,,,,,,,,,,,,,,,,,,,,exploit-fail,poc-self-fires-on-revert
code-injection,browserify/static-eval,static-eval,1.1.1,benchmark-fail,,revert-applied-no-repro,fail,,line,4,,,,,,,,,,,,,,,,,,,,,yes,benchmark-fail,baseline-already-vulnerable: image-not-fixed
code-injection,thenables/thenify,thenify,3.3.0,ok,no,minimized+partial-evade (ci:preserved),fail,yes,line,9,6,,,0,7,7,7,0,1,1,1,both,eval-detected×2; mini-dynamic-code-evaluation×2; secbench-eval-call×2; secbench-tainted-code-exec×1,js/unsafe-code-construction×1,ci-preserving-chunk,preserved,0,,"eval-detected @ index.js:17 — Detected the use of eval(). eval() can be dangerous if used to evaluate dynamic content. If this content can be input from outside the program, this may be a code injection vulnerability. Ensure evaluated content is not… || mini-dynamic-code-evaluation @ index.js:17 — Runtime code evaluation. Turning a value into executable code -- via eval, the Function constructor, node:vm, a string-valued timer, or an alias/computed reference to any of them -- makes every value that reaches this e… || secbench-eval-call @ index.js:17 — eval() executes its argument as code; if attacker-controlled this is a code-injection sink. || secbench-tainted-code-exec @ index.js:17 — Untrusted input reaches a dynamic code-execution sink without passing through a sanitizer. || eval-detected @ index.js:33 — Detected the use of eval(). eval() can be dangerous if used to evaluate dynamic content. If this content can be input from outside the program, this may be a code injection vulnerability. Ensure evaluated content is not… || mini-dynamic-code-evaluation @ index.js:33 — Runtime code evaluation. Turning a value into executable code -- via eval, the Function constructor, node:vm, a string-valued timer, or an alias/computed reference to any of them -- makes every value that reaches this e… || (+1 more)",js/unsafe-code-construction @ index.js:69 — This string concatenation which depends on [library input](1) is later [interpreted as code](2). This string concatenation which depends on [library input](1) is later [interpreted as code](3). This string concatenation…,,ok,minimized+partial-evade (ci:preserved)
code-injection,jashkenas/underscore,underscore,1.13.0-0,ok,yes,minimized+evaded (ci:skipped),fail,yes,line,14,3,,,27,0,0,0,0,0,0,0,neither,,,exploit-minimal,skipped,0,,,,,ok,minimized+evaded (ci:skipped)
command-injection,thi-ng/umbrella,@thi.ng/egf,0.3.0,benchmark-fail,,revert-applied-no-repro,fail,,line,2,,,,,,,,,,,,,,,,,,thi-ng/umbrella,,,,benchmark-fail,revert-applied-no-repro
command-injection,vincentmorneau/apex-publish-static-files,alfred-workflow-nodejs,2.0.1,setup-fail,,revert-apply-failed,fail,,line,21,,,,,,,,,,,,,,,,,,vincentmorneau/apex-publish-static-files,,,,setup-fail,revert-apply-failed
command-injection,vincentmorneau/apex-publish-static-files,apex-publish-static-files,2.0.0,ok,no,minimized+partial-evade (ci:skipped),fail,yes,line,21,6,,,3,0,0,0,0,1,1,1,codeql,,js/shell-command-constructed-from-input×1,exploit-minimal,skipped,0,,,js/shell-command-constructed-from-input @ index.js:55 — This string concatenation which depends on [library input](1) is later used in a [shell command](2). This string concatenation which depends on [library input](1) is later used in a [shell command](2). This string conca…,,ok,minimized+partial-evade (ci:skipped)
command-injection,haf-decent/arpping,arpping,2.0.0,ok,n/a (codeql),minimized+evaded (ci:baseline-already-broken),fail,yes,line,44,10,require-member->hidden,resolution,1,4,5,0,,,,,neither,,,exploit-minimal,baseline-already-broken,0,,,,yes,benchmark-fail,revert-applied-no-repro
command-injection,omrilotan/async-git,async-git,1.13.1,ok,no,minimized+partial-evade (ci:skipped),fail,yes,line,50,6,,,1,0,0,0,0,4,1,1,codeql,,js/shell-command-constructed-from-input×1,exploit-minimal,skipped,0,,,js/shell-command-constructed-from-input @ lib/reset/index.js:11 — This string concatenation which depends on [library input](1) is later used in a [shell command](2).,,ok,minimized+partial-evade (ci:skipped)
command-injection,nfriedly/node-bestzip,bestzip,2.1.6,setup-fail,,image-failed,,,,,,,,,,,,,,,,,,,,,,,,,,setup-fail,image-failed
command-injection,kucherenko/blamer,blamer,0.1.13,setup-fail,,rebuild-failed,fail,,line,43,,,,,,,,,,,,,,,,,,,,,,setup-fail,rebuild-failed
command-injection,kylefarris/clamscan,clamscan,1.2.0,ok,yes,minimized+evaded (ci:skipped),fail,yes,line,5,3,,,34,0,0,0,12,0,0,0,neither,,,exploit-minimal,skipped,0,,,,,ok,minimized+evaded (ci:skipped)
command-injection,codecov/codecov-node,codecov,3.6.4,benchmark-fail,,revert-applied-no-repro,fail,,line,25,,,,,,,,,,,,,,,,,,,,,,benchmark-fail,revert-applied-no-repro
command-injection,kellyselden/git-diff-apply,command-exists,1.2.2,benchmark-fail,,revert-applied-no-repro,fail,,line,2,,,,,,,,,,,,,,,,,,kellyselden/git-diff-apply,,,,benchmark-fail,revert-applied-no-repro
command-injection,PhilipSkinner/diskstats,diskstats,0.0.2,ok,n/a (codeql),minimized+evaded (ci:none),fail,yes,line,7,2,shell-sink->hidden-member,sink,0,2,1,0,,,,,neither,,,exploit-minimal,none,0,,,,yes,benchmark-fail,revert-applied-no-repro
command-injection,iximiuz/node-diskusage-ng,diskusage-ng,0.2.6,exploit-fail,no,minimized+evaded-EXPLOIT-BROKEN (ci:skipped),fail,no,line,2,2,,,0,0,0,0,0,1,0,0,neither,,,exploit-minimal,skipped,0,,,,,exploit-fail,minimized+evaded-EXPLOIT-BROKEN (ci:skipped)
command-injection,skoranga/node-dns-sync,dns-sync,0.1.0,ok,yes,minimized+evaded (ci:preserved),fail,yes,line,6,2,params->arg-guard,flow,2,0,0,0,7,1,1,0,neither,,,ci-preserving-chunk,preserved,0,,,,,ok,minimized+evaded (ci:preserved)
command-injection,nodef/extra-asciinema,extra-asciinema,1.0.0,setup-fail,,rebuild-failed,fail,,line,10,,,,,,,,,,,,,,,,,,,,,,setup-fail,rebuild-failed
command-injection,hoperyy/get-npm-package-version,get-npm-package-version,1.0.6,ok,yes,minimized+evaded (ci:skipped),fail,yes,line,1,1,,,2,0,0,0,3,0,0,0,neither,,,exploit-minimal,skipped,40,,,,,ok,minimized+evaded (ci:skipped)
command-injection,tj/node-growl,growl,1.9.0,ok,yes,minimized+evaded (ci:none),fail,yes,line,21,3,require-member->hidden,resolution,1,0,0,0,1,23,23,0,neither,,,exploit-minimal,none,0,,,,,ok,minimized+evaded (ci:none)
command-injection,handsontable/formula-parser,hot-formula-parser,3.0.0,ok,n/a (codeql),minimized+evaded (ci:skipped),fail,yes,hunk,96,1,eval->Function+locals,sink,5,3,3,0,,,,,neither,,,exploit-minimal,skipped,0,,,,,ok,minimized+evaded (ci:skipped)
command-injection,GuyMograbi/kill-by-port,kill-by-port,0.0.1,ok,yes,minimized+evaded (ci:baseline-already-broken),fail,yes,line,1,1,params->arg-guard,flow,0,0,0,0,1,2,2,0,neither,,,exploit-minimal,baseline-already-broken,0,,,,,ok,minimized+evaded (ci:baseline-already-broken)
command-injection,ssnau/killport,killport,1.0.1,ok,yes,minimized+evaded (ci:none),fail,yes,line,1,1,shell-sink->hidden-member,sink,4,0,0,0,0,1,1,0,neither,,,exploit-minimal,none,0,,,,,ok,minimized+evaded (ci:none)
command-injection,jas-/node-libnmap,libnmap,0.4.11,ok,no,minimized+partial-evade (ci:skipped),fail,yes,line,11,4,,,1,0,0,0,2,3,3,3,codeql,,js/shell-command-constructed-from-input×3,exploit-minimal,skipped,0,,,js/shell-command-constructed-from-input @ lib/classes/tools.js:157 — This string concatenation which depends on [library input](1) is later used in a [shell command](2). This string concatenation which depends on [library input](3) is later used in a [shell command](2). || js/shell-command-constructed-from-input @ lib/classes/tools.js:162 — This string concatenation which depends on [library input](1) is later used in a [shell command](2). This string concatenation which depends on [library input](1) is later used in a [shell command](2). This string conca… || js/shell-command-constructed-from-input @ lib/classes/tools.js:163 — This string concatenation which depends on [library input](1) is later used in a [shell command](2). This string concatenation which depends on [library input](3) is later used in a [shell command](2).,,ok,minimized+partial-evade (ci:skipped)
command-injection,scravy/node-macaddress,macaddress,0.2.8,ok,yes,minimized+evaded (ci:preserved),fail,yes,line,17,4,require-member->hidden,resolution,5,0,0,0,1,2,1,0,neither,,,exploit-minimal,preserved,0,,,,,ok,minimized+evaded (ci:preserved)
command-injection,roest01/node-pdf-image,pdf-image,1.0.5,ok,yes,minimized+evaded (ci:baseline-already-broken),fail,yes,line,24,8,require-member->hidden,resolution,1,0,0,0,1,4,1,0,neither,,,exploit-minimal,baseline-already-broken,0,,,,,ok,minimized+evaded (ci:baseline-already-broken)
command-injection,soyuka/pidusage,pidusage,1.0.0,ok,yes,minimized+evaded (ci:skipped),fail,yes,line,9,7,,,4,0,0,0,0,0,0,0,neither,,,exploit-minimal,skipped,0,,,,,ok,minimized+evaded (ci:skipped)
command-injection,rrainn/PortProcesses,portprocesses,1.0.4,ok,no,minimized+partial-evade (ci:skipped),fail,yes,line,8,2,,,3,0,0,0,0,3,1,1,codeql,,js/shell-command-constructed-from-input×1,exploit-minimal,skipped,0,,,js/shell-command-constructed-from-input @ index.js:28 — This string concatenation which depends on [library input](1) is later used in a [shell command](2).,,ok,minimized+partial-evade (ci:skipped)
command-injection,natalan/samsung-remote,samsung-remote,1.2.5,ok,n/a (codeql),minimized+evaded (ci:baseline-already-broken),fail,yes,line,19,7,,,0,0,0,0,,,,,neither,,,exploit-minimal,baseline-already-broken,0,,,,yes,benchmark-fail,revert-applied-no-repro
command-injection,kellyselden/git-diff-apply,scp,0.0.3,benchmark-fail,,revert-applied-no-repro,fail,,line,2,,,,,,,,,,,,,,,,,,kellyselden/git-diff-apply,,,,benchmark-fail,revert-applied-no-repro
command-injection,totaljs/framework,total.js,3.4.6,ok,n/a (codeql),minimized+evaded (ci:skipped),fail,yes,line,2,1,,,0,0,0,0,,,,,neither,,,exploit-minimal,skipped,0,totaljs/framework,,,,ok,minimized+evaded (ci:skipped)
command-injection,vvo/node-whereis,whereis,0.4.0,ok,yes,minimized+evaded (ci:skipped),fail,yes,line,7,1,shell-sink->hidden-member,sink,1,7,1,0,0,1,2,0,neither,,,exploit-minimal,skipped,0,,,,,ok,minimized+evaded (ci:skipped)
path-traversal,vivaxy/here,@vivaxy/here,3.1.0,setup-fail,,image-failed,,,,,,,,,,,,,,,,,,,,,,,,,,setup-fail,image-failed
path-traversal,simonh1000/angular-http-server,angular-http-server,1.0.0,ok,n/a (codeql),minimized+evaded (ci:none),fail,yes,line,10,7,,,3,0,0,0,,,,,neither,,,exploit-minimal,none,0,,,,yes,benchmark-fail,baseline-already-vulnerable: image-not-fixed
path-traversal,omphalos/crud-file-server,crud-file-server,0.7.0,ok,n/a (codeql),minimized+evaded (ci:none),fail,yes,line,2,1,,,0,0,0,0,,,,,neither,,,exploit-minimal,none,0,,,,yes,benchmark-fail,baseline-already-vulnerable: image-not-fixed
path-traversal,jarofghosts/glance,glance,3.0.0,ok,n/a (codeql),minimized+evaded (ci:baseline-already-broken),fail,yes,line,46,2,,,7,0,0,0,,,,,neither,,,exploit-minimal,baseline-already-broken,46,,,,yes,benchmark-fail,baseline-already-vulnerable: image-not-fixed
path-traversal,eldoy/hangersteak,hangersteak,0.2.2,ok,yes,minimized+partial-evade (ci:skipped),fail,yes,hunk,61,1,path-builder->hidden-member,sink,3,0,0,0,1,2,2,0,neither,,,exploit-minimal,skipped,0,,,,,ok,minimized+partial-evade (ci:skipped)
path-traversal,henrytseng/hostr,hostr,2.0.0,benchmark-fail,,baseline-already-vulnerable: image-not-fixed,pass,,line,2,,,,,,,,,,,,,,,,,,,,,,benchmark-fail,baseline-already-vulnerable: image-not-fixed
path-traversal,nunnly/m-server,m-server,1.4.0,ok,n/a (codeql),minimized+evaded (ci:preserved),fail,yes,line,20,1,,,4,0,0,0,,,,,neither,,,exploit-minimal,preserved,3,,,,yes,benchmark-fail,baseline-already-vulnerable: image-not-fixed
path-traversal,sandy98/node-simple-router,node-simple-router,0.10.0,ok,yes,minimized+evaded (ci:skipped),fail,yes,line,8,1,,,19,0,0,0,13,0,0,0,neither,,,exploit-minimal,skipped,0,,,,,ok,minimized+evaded (ci:skipped)
path-traversal,nim579/node-srv,node-srv,2.0.0,setup-fail,,rebuild-failed,fail,,line,5,,,,,,,,,,,,,,,,,,,,,,setup-fail,rebuild-failed
path-traversal,tnantoka/public,public,0.1.2,exploit-fail,,baseline-already-vulnerable: exploit-self-fires,pass,,line,2,,,,,,,,,,,,,,,,,,,,,,exploit-fail,baseline-already-vulnerable: exploit-self-fires
path-traversal,ChristoPy/serve-here.js,serve-here.js,1.1.0,exploit-fail,,baseline-already-vulnerable: exploit-self-fires,pass,,line,5,,,,,,,,,,,,,,,,,,,,,,exploit-fail,baseline-already-vulnerable: exploit-self-fires
prototype-pollution,aws/aws-sdk-js,@aws-sdk/shared-ini-file-loader,1.0.0-rc.8,benchmark-fail,,revert-applied-no-repro,fail,,line,6,,,,,,,,,,,,,,,,,,,,,,benchmark-fail,revert-applied-no-repro
prototype-pollution,eivindfjeldstad/dot,@eivifj/dot,1.0.2,ok,yes,minimized+evaded (ci:skipped),fail,yes,line,16,2,,,4,0,0,0,1,0,0,0,neither,,,exploit-minimal,skipped,0,,,,,ok,minimized+evaded (ci:skipped)
prototype-pollution,firebase/firebase-js-sdk,@firebase/util,0.3.3-canary.c47ba31d0,setup-fail,,image-failed,,,,,,,,,,,,,,,,,,,,,,firebase/firebase-js-sdk,,,,setup-fail,image-failed
prototype-pollution,strikeentco/set,@strikeentco/set,1.0.0,ok,no,minimized+partial-evade (ci:skipped),fail,yes,hunk,25,1,,,0,0,0,0,0,2,2,2,codeql,,js/prototype-polluting-assignment×2,exploit-minimal,skipped,0,,,js/prototype-polluting-assignment @ main.js:9 — This assignment may alter Object.prototype if a malicious '__proto__' string is injected from [library input](1). || js/prototype-polluting-assignment @ main.js:11 — This assignment may alter Object.prototype if a malicious '__proto__' string is injected from [library input](1).,,ok,minimized+partial-evade (ci:skipped)
prototype-pollution,TypedProject/tsed,@tsed/core,5.62.3,setup-fail,,image-failed,,,,,,,,,,,,,,,,,,,,,,,,,,setup-fail,image-failed
prototype-pollution,viking04/merge,@viking04/merge,1.0.0,ok,no,minimized+partial-evade (ci:skipped),fail,yes,line,3,1,,,0,1,1,1,0,0,0,0,semgrep,mini-unsafe-forin-copy×1,,exploit-minimal,skipped,0,,mini-unsafe-forin-copy @ index.js:3 — `for...in` copy with no own-property check and no `__proto__` guard. Inherited and prototype-reaching keys are copied straight into the destination object.,,,ok,minimized+partial-evade (ci:skipped)
prototype-pollution,algolia/algoliasearch-helper-js,algoliasearch-helper,3.6.0,setup-fail,,rebuild-failed,fail,,line,5,,,,,,,,,,,,,,,,,,,,,,setup-fail,rebuild-failed
prototype-pollution,jonschlinkert/assign-deep,assign-deep,1.0.0,ok,no,minimized+partial-evade (ci:skipped),fail,yes,line,15,3,pp-key->launder,flow,1,0,0,0,0,1,1,1,codeql,,js/prototype-pollution-utility×1,exploit-minimal,skipped,0,,,js/prototype-pollution-utility @ index.js:29 — Properties are copied from [here](1) to [target](2) without guarding against prototype pollution.,,ok,minimized+partial-evade (ci:skipped)
prototype-pollution,diegohaz/bodymen,bodymen,1.0.0,setup-fail,,rebuild-failed,fail,,line,3,,,,,,,,,,,,,,,,,,,,,,setup-fail,rebuild-failed
prototype-pollution,ashaffer/cached-path-relative,cached-path-relative,1.0.1,ok,yes,minimized+evaded (ci:skipped),fail,yes,line,1,1,,,0,0,0,0,0,0,0,0,neither,,,exploit-minimal,skipped,0,,,,,ok,minimized+evaded (ci:skipped)
prototype-pollution,eugeneware/changeset,changeset,0.1.0,ok,yes,minimized+evaded (ci:skipped),fail,yes,line,4,1,,,2,0,0,0,0,0,0,0,neither,,,exploit-minimal,skipped,0,,,,,ok,minimized+evaded (ci:skipped)
prototype-pollution,davideicardi/confinit,confinit,0.3.0,ok,no,minimized+partial-evade (ci:skipped),fail,yes,line,32,3,,,8,2,1,1,0,2,0,0,semgrep,prototype-pollution-loop×1,,exploit-minimal,skipped,0,,"prototype-pollution-loop @ index.js:119 — Possibility of prototype polluting function detected. By adding or modifying attributes of an object prototype, it is possible to create attributes that exist on every object, or replace critical attributes with malicio…",,,ok,minimized+partial-evade (ci:skipped)
prototype-pollution,mattinsler/connie-lang,connie,0.1.0,benchmark-fail,,revert-applied-no-repro,fail,,line,35,,,,,,,,,,,,,,,,,,,,,,benchmark-fail,revert-applied-no-repro
prototype-pollution,hlfshell/controlled-merge,controlled-merge,1.0.0,benchmark-fail,,baseline-already-vulnerable: image-not-fixed,pass,,line,7,,,,,,,,,,,,,,,,,,,,,,benchmark-fail,baseline-already-vulnerable: image-not-fixed
prototype-pollution,unclechu/node-deep-extend,deep-extend,0.5.0,ok,n/a (codeql),minimized+evaded (ci:broken),fail,yes,line,5,1,,,2,0,0,0,,,,,neither,,,ci-unpreservable,broken,0,,,,yes,benchmark-fail,revert-applied-no-repro
prototype-pollution,ASaiAnudeep/deep-override,deep-override,1.0.0,ok,no,minimized+partial-evade (ci:skipped),fail,yes,line,2,1,,,2,0,0,0,0,1,1,1,codeql,,js/prototype-pollution-utility×1,exploit-minimal,skipped,0,,,js/prototype-pollution-utility @ src/index.js:53 — Properties are copied from [obj](1) to [target](2) without guarding against prototype pollution.,,ok,minimized+partial-evade (ci:skipped)
prototype-pollution,sharpred/deepHas,deephas,1.0.5,ok,yes,minimized+evaded (ci:skipped),fail,yes,line,18,1,pp-assign->helper-set,sink,0,1,1,0,0,0,0,0,neither,,,exploit-minimal,skipped,0,,,,,ok,minimized+evaded (ci:skipped)
prototype-pollution,alexindigo/deeply,deeply,3.0.0,ok,yes,minimized+evaded (ci:skipped),fail,yes,line,17,1,,,0,0,0,0,0,0,0,0,neither,,,exploit-minimal,skipped,0,,,,,ok,minimized+evaded (ci:skipped)
prototype-pollution,isaymatato/deepref,deepref,1.1.1,ok,yes,minimized+evaded (ci:skipped),fail,yes,line,3,1,,,0,0,0,0,0,0,0,0,neither,,,exploit-minimal,skipped,0,,,,,ok,minimized+evaded (ci:skipped)
prototype-pollution,jonschlinkert/defaults-deep,defaults-deep,0.2.0,ok,no,minimized+partial-evade (ci:skipped),fail,yes,line,1,1,,,0,0,0,0,0,1,1,1,codeql,,js/prototype-pollution-utility×1,exploit-minimal,skipped,0,,,js/prototype-pollution-utility @ index.js:22 — Properties are copied from [current](1) to [target](2) without guarding against prototype pollution.,,ok,minimized+partial-evade (ci:skipped)
prototype-pollution,mrodrig/doc-path,doc-path,2.0.0,benchmark-fail,,revert-applied-no-repro,fail,,line,12,,,,,,,,,,,,,,,,,,,,,,benchmark-fail,revert-applied-no-repro
prototype-pollution,rhalff/dot-object,dot-object,2.1.2,ok,yes,minimized+evaded (ci:skipped),fail,yes,line,48,4,,,4,0,0,0,7,0,0,0,neither,,,exploit-minimal,skipped,0,,,,,ok,minimized+evaded (ci:skipped)
prototype-pollution,sindresorhus/dot-prop,dot-prop,2.0.0,ok,yes,minimized+evaded (ci:skipped),fail,yes,line,6,1,,,4,0,0,0,4,0,0,0,neither,,,exploit-minimal,skipped,0,,,,,ok,minimized+evaded (ci:skipped)
prototype-pollution,deoxxa/dotty,dotty,0.0.1,benchmark-fail,,revert-applied-no-repro,fail,,hunk,29,,,,,,,,,,,,,,,,,,,,,,benchmark-fail,revert-applied-no-repro
prototype-pollution,justmoon/node-extend,extend,3.0.1,setup-fail,,image-failed,,,,,,,,,,,,,,,,,,,,,,,,,,setup-fail,image-failed
prototype-pollution,crysalead-js/extend-merge,extend-merge,1.0.5,ok,yes,minimized+evaded (ci:skipped),fail,yes,line,4,1,pp-key->launder,flow,0,0,1,0,0,0,0,0,neither,,,exploit-minimal,skipped,0,,,,,ok,minimized+evaded (ci:skipped)
prototype-pollution,Starcounter-Jack/JSON-Patch,fast-json-patch,2.0.4,setup-fail,,rebuild-failed,fail,,line,42,,,,,,,,,,,,,,,,,,,,,,setup-fail,rebuild-failed
prototype-pollution,jessie-codes/safe-flat,flat,5.0.0,ok,yes,minimized+evaded (ci:skipped),fail,yes,line,3,1,,,1,1,0,0,0,0,0,0,neither,,,exploit-minimal,skipped,0,,,,,ok,minimized+evaded (ci:skipped)
prototype-pollution,hapijs/hoek,hoek,5.0.0,unknown,,harness-error,,,,,,,,,,,,,,,,,,,,,,,,,,unknown,harness-error
prototype-pollution,i18next/i18next,i18next,19.7.0,exploit-fail,,poc-ignores-package,,,line,3,,,,,,,,,,,,,,,,,,,,,,exploit-fail,poc-ignores-package
prototype-pollution,immerjs/immer,immer,8.0.0,setup-fail,,rebuild-failed,fail,,line,2,,,,,,,,,,,,,,,,,,,,,,setup-fail,rebuild-failed
prototype-pollution,Ajnasz/IniReader,inireader,1.0.0,ok,yes,minimized+evaded (ci:skipped),fail,yes,line,12,1,,,1,1,0,0,2,3,0,0,neither,,,exploit-minimal,skipped,0,,,,,ok,minimized+evaded (ci:skipped)
prototype-pollution,clientIO/joint,jointjs,2.2.1,benchmark-fail,,revert-applied-no-repro,fail,,line,2,,,,,,,,,,,,,,,,,,,,,,benchmark-fail,revert-applied-no-repro
prototype-pollution,jquery/jquery,jquery,1.11.0,setup-fail,,image-failed,,,,,,,,,,,,,,,,,,,,,,,,,,setup-fail,image-failed
prototype-pollution,Sdju/js-ini,js-ini,1.2.0,setup-fail,,rebuild-failed,fail,,line,29,,,,,,,,,,,,,,,,,,,,,,setup-fail,rebuild-failed
prototype-pollution,kriszyp/json-schema,json-schema,0.3.0,ok,yes,minimized+evaded (ci:skipped),fail,yes,line,3,1,,,2,0,0,0,0,0,0,0,neither,,,exploit-minimal,skipped,0,,,,,ok,minimized+evaded (ci:skipped)
prototype-pollution,janl/node-jsonpointer,jsonpointer,4.0.0,ok,yes,minimized+evaded (ci:skipped),fail,yes,line,12,8,,,2,0,0,0,4,0,0,0,neither,,,exploit-minimal,skipped,0,,,,,ok,minimized+evaded (ci:skipped)
prototype-pollution,angus-c/just,just-safe-set,1.0.0,benchmark-fail,,revert-applied-no-repro,fail,,line,5,,,,,,,,,,,,,,,,,,,,,,benchmark-fail,revert-applied-no-repro
prototype-pollution,rumkin/keyget,keyget,2.2.0,ok,yes,minimized+evaded (ci:skipped),fail,yes,line,28,1,,,1,0,0,0,6,0,0,0,neither,,,exploit-minimal,skipped,0,,,,,ok,minimized+evaded (ci:skipped)
prototype-pollution,dominictarr/libnested,libnested,1.5.0,ok,no,minimized+partial-evade (ci:skipped),fail,yes,line,2,1,,,1,0,0,0,0,2,2,2,codeql,,js/prototype-polluting-assignment×2,exploit-minimal,skipped,0,,,js/prototype-polluting-assignment @ index.js:27 — This assignment may alter Object.prototype if a malicious '__proto__' string is injected from [library input](1). || js/prototype-polluting-assignment @ index.js:29 — This assignment may alter Object.prototype if a malicious '__proto__' string is injected from [library input](1).,,ok,minimized+partial-evade (ci:skipped)
prototype-pollution,piranna/linux-cmdline,linux-cmdline,1.0.0,ok,no,minimized+partial-evade (ci:skipped),fail,yes,line,4,3,,,1,1,1,1,0,0,0,0,semgrep,mini-prototype-pollution-path-write×1,,exploit-minimal,skipped,0,,"mini-prototype-pollution-path-write @ index.js:1 — Writes through a caller-supplied property path without rejecting the `__proto__`, `constructor` and `prototype` segments, so a crafted path reaches Object.prototype (prototype pollution).",,,ok,minimized+partial-evade (ci:skipped)
prototype-pollution,lodash/lodash,lodash,4.17.9,unknown,,harness-error,,,,,,,,,,,,,,,,,,,,,,,,,,unknown,harness-error
prototype-pollution,josdejong/mathjs,mathjs,7.4.0,setup-fail,,rebuild-failed,fail,,line,4,,,,,,,,,,,,,,,,,,,,,,setup-fail,rebuild-failed
prototype-pollution,jonschlinkert/merge-deep,merge-deep,3.0.0,ok,n/a (codeql),minimized+evaded (ci:baseline-already-broken),fail,yes,line,14,8,,,1,0,0,0,,,,,neither,,,exploit-minimal,baseline-already-broken,0,,,,yes,benchmark-fail,revert-applied-no-repro
prototype-pollution,schnittstabil/merge-options,merge-options,1.0.0,ok,yes,minimized+evaded (ci:skipped),fail,yes,line,11,1,,,0,0,0,0,0,0,0,0,neither,,,exploit-minimal,skipped,125,,,,,ok,minimized+evaded (ci:skipped)
prototype-pollution,MithrilJS/mithril.js,mithril,1.0.0,setup-fail,,infra-error,,,line,5,,,,,,,,,,,,,,,,,,,,,,setup-fail,infra-error
prototype-pollution,jonschlinkert/mixin-deep,mixin-deep,2.0.0,ok,no,minimized+partial-evade (ci:skipped),fail,yes,line,17,3,,,0,0,0,0,0,1,1,1,codeql,,js/prototype-pollution-utility×1,exploit-minimal,skipped,0,,,js/prototype-pollution-utility @ index.js:21 — Properties are copied from [obj](1) to [target](2) without guarding against prototype pollution.,,ok,minimized+partial-evade (ci:skipped)
prototype-pollution,aheckmann/mpath,mpath,0.4.1,benchmark-fail,,revert-applied-no-repro,fail,,line,4,,,,,,,,,,,,,,,,,,,,,,benchmark-fail,revert-applied-no-repro
prototype-pollution,aheckmann/mquery,mquery,3.2.1,benchmark-fail,,revert-applied-no-repro,fail,,line,1,,,,,,,,,,,,,,,,,,,,,,benchmark-fail,revert-applied-no-repro
prototype-pollution,cosmosio/nested-property,nested-property,0.0.5,benchmark-fail,,baseline-already-vulnerable: image-not-fixed,pass,,line,8,,,,,,,,,,,,,,,,,,,,,,benchmark-fail,baseline-already-vulnerable: image-not-fixed
prototype-pollution,lukeed/nestie,nestie,1.0.0,setup-fail,,rebuild-failed,fail,,line,5,,,,,,,,,,,,,,,,,,,,,,setup-fail,rebuild-failed
prototype-pollution,digitalbazaar/forge,node-forge,0.9.0,ok,n/a (codeql),minimized+partial-evade (ci:preserved),fail,yes,line,14,1,pp-assign->helper-set,sink,6,3,3,3,,,,,semgrep,prototype-pollution-loop×3,,exploit-minimal,preserved,0,,"prototype-pollution-loop @ lib/util.js:2547 — Possibility of prototype polluting function detected. By adding or modifying attributes of an object prototype, it is possible to create attributes that exist on every object, or replace critical attributes with malicio… || prototype-pollution-loop @ lib/util.js:2574 — Possibility of prototype polluting function detected. By adding or modifying attributes of an object prototype, it is possible to create attributes that exist on every object, or replace critical attributes with malicio… || prototype-pollution-loop @ lib/util.js:2605 — Possibility of prototype polluting function detected. By adding or modifying attributes of an object prototype, it is possible to create attributes that exist on every object, or replace critical attributes with malicio…",,yes,benchmark-fail,revert-applied-no-repro
prototype-pollution,nodee-apps/utils,nodee-utils,1.2.2,ok,no,minimized+partial-evade (ci:skipped),fail,yes,line,3,1,pp-assign->helper-set,sink,7,1,1,1,8,2,2,2,both,mini-prototype-pollution-path-write×1,js/prototype-polluting-assignment×2,exploit-minimal,skipped,0,,"mini-prototype-pollution-path-write @ lib/object.js:200 — Writes through a caller-supplied property path without rejecting the `__proto__`, `constructor` and `prototype` segments, so a crafted path reaches Object.prototype (prototype pollution).",js/prototype-polluting-assignment @ lib/object.js:212 — This assignment may alter Object.prototype if a malicious '__proto__' string is injected from [library input](1). || js/prototype-polluting-assignment @ lib/object.js:214 — This assignment may alter Object.prototype if a malicious '__proto__' string is injected from [library input](1).,,ok,minimized+partial-evade (ci:skipped)
prototype-pollution,FireBlinkLTD/object-collider,object-collider,1.0.3,setup-fail,,rebuild-failed,fail,,line,7,,,,,,,,,,,,,,,,,,,,,,setup-fail,rebuild-failed
prototype-pollution,mariocasciaro/object-path,object-path,0.11.4,ok,yes,minimized+evaded (ci:skipped),fail,yes,line,5,1,,,1,0,0,0,4,0,0,0,neither,,,exploit-minimal,skipped,0,,,,,ok,minimized+evaded (ci:skipped)
prototype-pollution,skratchdot/object-path-set,object-path-set,1.0.0,ok,yes,minimized+partial-evade (ci:skipped),fail,yes,line,8,1,pp-assign->helper-set,sink,1,0,0,0,0,2,2,0,neither,,,exploit-minimal,skipped,96,,,,,ok,minimized+partial-evade (ci:skipped)
prototype-pollution,vincit/objection.js,objection,2.0.0,exploit-fail,,poc-self-fires-on-revert,fail,,line,2,,,,,,,,,,,,,,,,,,,,,,exploit-fail,poc-self-fires-on-revert
prototype-pollution,okunishinishi/node-objnest,objnest,5.0.0,exploit-fail,,poc-self-fires-on-revert,fail,,line,1,,,,,,,,,,,,,,,,,,,,,,exploit-fail,poc-self-fires-on-revert
prototype-pollution,pjshumphreys/patchmerge,patchmerge,1.0.1,ok,yes,minimized+evaded (ci:skipped),fail,yes,line,2,1,,,0,0,0,0,1,0,0,0,neither,,,exploit-minimal,skipped,0,,,,,ok,minimized+evaded (ci:skipped)
prototype-pollution,chaijs/pathval,pathval,1.1.0,ok,no,minimized+partial-evade (ci:skipped),fail,yes,line,31,2,,,6,0,0,0,0,2,2,2,codeql,,js/prototype-polluting-assignment×2,exploit-minimal,skipped,0,,,js/prototype-polluting-assignment @ index.js:158 — This assignment may alter Object.prototype if a malicious '__proto__' string is injected from [library input](1). || js/prototype-polluting-assignment @ index.js:170 — This assignment may alter Object.prototype if a malicious '__proto__' string is injected from [library input](1).,,ok,minimized+partial-evade (ci:skipped)
prototype-pollution,fabiospampinato/plain-object-merge,plain-object-merge,1.0.1,setup-fail,,image-failed,,,,,,,,,,,,,,,,,,,,,,,,,,setup-fail,image-failed
prototype-pollution,steveukx/properties,properties-reader,2.0.0,ok,no,minimized+partial-evade (ci:skipped),fail,yes,line,3,1,pp-guard-mention(decoy),decoy,5,1,1,0,3,1,1,1,codeql,,js/prototype-polluting-assignment×1,exploit-minimal,skipped,0,,,js/prototype-polluting-assignment @ src/properties-reader.js:225 — This assignment may alter Object.prototype if a malicious '__proto__' string is injected from [library input](1).,,ok,minimized+partial-evade (ci:skipped)
prototype-pollution,jquense/expr,property-expr,2.0.2,ok,yes,minimized+evaded (ci:skipped),fail,yes,line,20,1,,,8,0,0,0,1,0,0,0,neither,,,exploit-minimal,skipped,0,,,,,ok,minimized+evaded (ci:skipped)
prototype-pollution,ardalanamini/prototyped.js,prototyped.js,2.0.0,exploit-fail,,poc-no-assertions,,,line,2,,,,,,,,,,,,,,,,,,,,,,exploit-fail,poc-no-assertions
prototype-pollution,panates/putil-merge,putil-merge,3.0.0,ok,yes,minimized+evaded (ci:skipped),fail,yes,line,2,1,,,0,0,0,0,3,0,0,0,neither,,,exploit-minimal,skipped,0,,,,,ok,minimized+evaded (ci:skipped)
prototype-pollution,diegohaz/querymen,querymen,2.1.3,setup-fail,,infra-error,,,line,4,,,,,,,,,,,,,,,,,,,,,,setup-fail,infra-error
prototype-pollution,jessie-codes/safe-flat,safe-flat,2.0.0,ok,yes,minimized+evaded (ci:skipped),fail,yes,line,3,1,,,1,1,0,0,0,0,0,0,neither,,,exploit-minimal,skipped,0,,,,,ok,minimized+evaded (ci:skipped)
prototype-pollution,monsterkodi/sds,sds,3.2.0,ok,yes,minimized+evaded (ci:skipped),fail,yes,line,9,1,pp-guard-mention(decoy),decoy,3,1,1,0,6,0,0,0,neither,,,exploit-minimal,skipped,0,,,,,ok,minimized+evaded (ci:skipped)
prototype-pollution,doowb/set-getter,set-getter,0.1.0,ok,yes,minimized+evaded (ci:skipped),fail,yes,line,7,1,pp-assign->helper-set,sink,1,1,1,0,0,0,0,0,neither,,,exploit-minimal,skipped,0,,,,,ok,minimized+evaded (ci:skipped)
prototype-pollution,ahdinosaur/set-in,set-in,1.0.0,ok,yes,minimized+evaded (ci:skipped),fail,yes,line,5,1,,,0,0,0,0,0,1,0,0,neither,,,exploit-minimal,skipped,0,,,,,ok,minimized+evaded (ci:skipped)
prototype-pollution,react-atomic/react-atomic-organism,set-object-value,0.0.5,setup-fail,,image-failed,,,,,,,,,,,,,,,,,,,,,,react-atomic/react-atomic-organism,,,,setup-fail,image-failed
prototype-pollution,IonicaBizau/set-or-get.js,set-or-get,1.2.10,ok,yes,minimized+evaded (ci:skipped),fail,yes,line,1,1,,,0,0,0,0,0,0,0,0,neither,,,exploit-minimal,skipped,0,,,,,ok,minimized+evaded (ci:skipped)
prototype-pollution,jonschlinkert/set-value,set-value,3.0.0,ok,n/a (codeql),minimized+evaded (ci:broken),fail,yes,line,32,20,pp-assign->helper-set,sink,2,1,1,0,,,,,neither,,,ci-unpreservable,broken,0,,,,yes,benchmark-fail,revert-applied-no-repro
prototype-pollution,robinvdvleuten/shvl,shvl,2.0.1,benchmark-fail,,baseline-already-vulnerable: image-not-fixed,pass,,line,2,,,,,,,,,,,,,,,,,,,,,,benchmark-fail,baseline-already-vulnerable: image-not-fixed
prototype-pollution,stampit-org/supermixer,supermixer,1.0.3,setup-fail,,rebuild-failed,fail,,line,2,,,,,,,,,,,,,,,,,,,,,,setup-fail,rebuild-failed
prototype-pollution,nolimits4web/swiper,swiper,6.5.0,setup-fail,,rebuild-failed,fail,,line,1,,,,,,,,,,,,,,,,,,,,,,setup-fail,rebuild-failed
prototype-pollution,thinkjs/think-config,think-config,1.0.0,benchmark-fail,,revert-applied-no-repro,fail,,line,2,,,,,,,,,,,,,,,,,,,,,,benchmark-fail,revert-applied-no-repro
prototype-pollution,totaljs/framework,total.js,3.4.6,ok,n/a (codeql),minimized+evaded (ci:skipped),fail,yes,line,1,1,,,18,0,0,0,,,,,neither,,,exploit-minimal,skipped,0,totaljs/framework,,,,ok,minimized+evaded (ci:skipped)
prototype-pollution,cronvel/tree-kit,tree-kit,0.6.1,ok,no,minimized+partial-evade (ci:skipped),fail,yes,line,57,3,,,5,1,1,1,14,26,12,12,both,prototype-pollution-loop×1,js/prototype-polluting-assignment×12,exploit-minimal,skipped,0,,"prototype-pollution-loop @ lib/dotPath.js:101 — Possibility of prototype polluting function detected. By adding or modifying attributes of an object prototype, it is possible to create attributes that exist on every object, or replace critical attributes with malicio…",js/prototype-polluting-assignment @ lib/dotPath.js:98 — This assignment may alter Object.prototype if a malicious '__proto__' string is injected from [library input](1). This assignment may alter Object.prototype if a malicious '__proto__' string is injected from [library in… || js/prototype-polluting-assignment @ lib/dotPath.js:126 — This assignment may alter Object.prototype if a malicious '__proto__' string is injected from [library input](1). || js/prototype-polluting-assignment @ lib/dotPath.js:146 — This assignment may alter Object.prototype if a malicious '__proto__' string is injected from [library input](1). || js/prototype-polluting-assignment @ lib/dotPath.js:167 — This assignment may alter Object.prototype if a malicious '__proto__' string is injected from [library input](1). || js/prototype-polluting-assignment @ lib/dotPath.js:188 — This assignment may alter Object.prototype if a malicious '__proto__' string is injected from [library input](1). || js/prototype-polluting-assignment @ lib/dotPath.js:208 — This assignment may alter Object.prototype if a malicious '__proto__' string is injected from [library input](1). || (+6 more),,ok,minimized+partial-evade (ci:skipped)
prototype-pollution,justinlettau/ts-dot-prop,ts-dot-prop,1.4.0,setup-fail,,image-failed,,,,,,,,,,,,,,,,,,,,,,,,,,setup-fail,image-failed
prototype-pollution,remy/undefsafe,undefsafe,2.0.2,ok,yes,minimized+evaded (ci:skipped),fail,yes,line,2,1,,,1,0,0,0,0,0,0,0,neither,,,exploit-minimal,skipped,0,,,,,ok,minimized+evaded (ci:skipped)
prototype-pollution,xcritical-software/utilitify,utilitify,1.0.2,setup-fail,,revert-apply-failed,fail,,line,6,,,,,,,,,,,,,,,,,,,,,,setup-fail,revert-apply-failed
redos,chalk/ansi-regex,ansi-regex,4.1.0,ok,yes,minimized+evaded (ci:skipped),fail,yes,line,1,1,,,1,0,0,0,0,0,0,0,neither,,,,skipped,0,,,,,ok,minimized+evaded (ci:skipped)
redos,axios/axios,axios,0.21.0,ok,yes,minimized+evaded (ci:skipped),fail,yes,line,1,1,,,0,0,0,0,11,0,0,0,neither,,,,skipped,0,,,,,ok,minimized+evaded (ci:skipped)
redos,juliangruber/brace-expansion,brace-expansion,1.1.6,ok,yes,minimized+evaded (ci:skipped),fail,yes,line,1,1,,,1,0,0,0,0,1,1,0,neither,,,,skipped,0,,,,,ok,minimized+evaded (ci:skipped)
redos,browserslist/browserslist,browserslist,4.16.4,ok,n/a (codeql),minimized+evaded (ci:baseline-already-broken),fail,yes,line,7,1,,,3,0,0,0,,,,,neither,,,exploit-minimal,baseline-already-broken,0,,,,yes,benchmark-fail,baseline-already-vulnerable: image-not-fixed
redos,kanasimi/CeJS,cejs,2.0.20170212,setup-fail,,revert-apply-failed,fail,,line,5,,,,,,,,,,,,,,,,,,,,,yes,benchmark-fail,baseline-already-vulnerable: image-not-fixed
redos,wanasit/chrono,chrono-node,2.2.3,benchmark-fail,,baseline-already-vulnerable: image-not-fixed,pass,,line,16,,,,,,,,,,,,,,,,,,,,,,benchmark-fail,baseline-already-vulnerable: image-not-fixed
redos,jakubpawlowicz/clean-css,clean-css,4.1.10,ok,n/a (codeql),minimized+evaded (ci:skipped),fail,yes,line,21,4,,,2,1,1,0,,,,,neither,,,,skipped,0,,,,,ok,minimized+evaded (ci:skipped)
redos,codemirror/CodeMirror,codemirror,5.58.0,exploit-fail,,poc-ignores-package,,,,,,,,,,,,,,,,,,,,,,,,,,exploit-fail,poc-ignores-package
redos,Qix-/color-string,color-string,1.5.4,ok,no,minimized+partial-evade (ci:skipped),fail,yes,line,2,1,,,0,0,0,0,0,1,1,1,codeql,,js/polynomial-redos×1,,skipped,0,,,js/polynomial-redos @ index.js:154 — This [regular expression](1) that depends on [library input](2) may run slow on strings starting with 'hwb(' and with many repetitions of '9'. This [regular expression](1) that depends on [library input](3) may run slow…,,ok,minimized+partial-evade (ci:skipped)
redos,jaywcjlove/colors-cli,colors-cli,1.0.25,ok,yes,minimized+evaded (ci:skipped),fail,yes,line,1,1,,,1,0,0,0,2,0,0,0,neither,,,,skipped,0,,,,,ok,minimized+evaded (ci:skipped)
redos,hapijs/content,content,3.0.5,benchmark-fail,,revert-applied-no-repro,fail,,line,5,,,,,,,,,,,,,,,,,,,,,,benchmark-fail,revert-applied-no-repro
redos,conventional-changelog/conventional-changelog,conventional-commits-parser,3.2.0,benchmark-fail,,revert-applied-no-repro,fail,,line,2,,,,,,,,,,,,,,,,,,conventional-changelog/conventional-changelog,,,,benchmark-fail,revert-applied-no-repro
redos,knowledgecode/date-and-time,date-and-time,0.14.1,ok,no,minimized+partial-evade (ci:skipped),fail,yes,line,2,1,,,24,0,0,0,3,1,1,1,codeql,,js/redos×1,,skipped,0,,,js/redos @ date-and-time.js:139 — This part of the regular expression may cause exponential backtracking on strings starting with '\[' and containing many repetitions of 'Z'.,,ok,minimized+partial-evade (ci:skipped)
redos,RyanMarcus/dirty-json,dirty-json,0.4.0,ok,no,minimized+partial-evade (ci:skipped),fail,yes,line,15,2,,,0,0,0,0,0,2,1,1,codeql,,js/redos×1,,skipped,0,,,"js/redos @ lexer.js:79 — This part of the regular expression may cause exponential backtracking on strings starting with '""' and containing many repetitions of '!'.",,ok,minimized+partial-evade (ci:skipped)
redos,josdejong/ducktype,ducktype,1.2.0,exploit-fail,no,minimized+partial-evade-EXPLOIT-BROKEN (ci:skipped),fail,no,hunk,75,60,,,0,0,0,0,0,1,1,1,codeql,,js/redos×1,,skipped,55,,,js/redos @ ducktype.js:161 — This part of the regular expression may cause exponential backtracking on strings starting with 'ftp://-.' and containing many repetitions of '-.'.,,exploit-fail,minimized+partial-evade-EXPLOIT-BROKEN (ci:skipped)
redos,nmanousos/email-existence,email-existence,0.1.5,ok,no,minimized+partial-evade (ci:skipped),fail,yes,line,2,1,,,0,0,0,0,0,1,1,1,codeql,,js/polynomial-redos×1,,skipped,0,,,js/polynomial-redos @ index.js:9 — This [regular expression](1) that depends on [library input](2) may run slow on strings starting with '!@' and with many repetitions of '!@'.,,ok,minimized+partial-evade (ci:skipped)
redos,ethers-io/ethers.js,ethers,5.2.0,benchmark-fail,,revert-applied-no-repro,fail,,line,5,,,,,,,,,,,,,,,,,,,,,,benchmark-fail,revert-applied-no-repro
redos,C2FO/fast-csv,fast-csv,4.3.5,benchmark-fail,,revert-applied-no-repro,fail,,line,5,,,,,,,,,,,,,,,,,,,,,,benchmark-fail,revert-applied-no-repro
redos,jshttp/forwarded,forwarded,0.1.0,ok,no,minimized+partial-evade (ci:skipped),fail,yes,line,4,2,,,0,0,0,0,0,1,1,1,codeql,,js/polynomial-redos×1,,skipped,0,,,js/polynomial-redos @ index.js:82 — This [regular expression](1) that depends on [library input](2) may run slow on strings with many repetitions of ' '.,,ok,minimized+partial-evade (ci:skipped)
redos,jshttp/fresh,fresh,0.5.0,ok,no,minimized+partial-evade (ci:skipped),fail,yes,line,4,2,,,0,0,0,0,0,1,1,1,codeql,,js/polynomial-redos×1,,skipped,0,,,js/polynomial-redos @ index.js:67 — This [regular expression](1) that depends on [library input](2) may run slow on strings with many repetitions of ' '.,,ok,minimized+partial-evade (ci:skipped)
redos,gulpjs/glob-parent,glob-parent,5.0.0,benchmark-fail,,revert-applied-no-repro,fail,,line,4,,,,,,,,,,,,,,,,,,,,,,benchmark-fail,revert-applied-no-repro
redos,highlightjs/highlight.js,highlight.js,10.4.0,benchmark-fail,,revert-applied-no-repro,fail,,hunk,78,,,,,,,,,,,,,,,,,,,,,,benchmark-fail,revert-applied-no-repro
redos,npm/hosted-git-info,hosted-git-info,3.0.0,ok,no,minimized+partial-evade (ci:skipped),fail,yes,line,2,1,,,0,0,0,0,3,1,1,1,codeql,,js/polynomial-redos×1,,skipped,0,,,js/polynomial-redos @ index.js:44 — This [regular expression](1) that depends on [library input](2) may run slow on strings starting with '9:9' and with many repetitions of '99'.,,ok,minimized+partial-evade (ci:skipped)
redos,remarkablemark/html-dom-parser,html-dom-parser,0.1.2,benchmark-fail,,revert-applied-no-repro,fail,,line,7,,,,,,,,,,,,,,,,,,,,,,benchmark-fail,revert-applied-no-repro
redos,HenrikJoreteg/html-parse-stringify,html-parse-stringify,2.0.0,ok,no,minimized+partial-evade (ci:skipped),fail,yes,line,3,1,,,0,0,0,0,2,2,2,2,codeql,,js/redos×2,,skipped,0,,,"js/redos @ src/parse.js:1 — This part of the regular expression may cause exponential backtracking on strings starting with '<!""""' and containing many repetitions of '""""'. || js/redos @ src/parse.js:1 — This part of the regular expression may cause exponential backtracking on strings starting with '<!''' and containing many repetitions of ''''.",,ok,minimized+partial-evade (ci:skipped)
redos,segmentio/is-email,is-email,1.0.0,ok,no,minimized+partial-evade (ci:skipped),fail,yes,line,12,1,,,0,0,0,0,0,1,1,1,codeql,,js/polynomial-redos×1,,skipped,0,,,js/polynomial-redos @ lib/index.js:13 — This [regular expression](1) that depends on [library input](2) may run slow on strings with many repetitions of 'a'. This [regular expression](3) that depends on [library input](2) may run slow on strings starting with…,,ok,minimized+partial-evade (ci:skipped)
redos,mafintosh/is-my-json-valid,is-my-json-valid,2.20.1,ok,yes,minimized+evaded (ci:skipped),fail,yes,line,4,1,,,2,0,0,0,0,0,0,0,neither,,,,skipped,0,,,,,ok,minimized+evaded (ci:skipped)
redos,sindresorhus/is-svg,is-svg,4.2.2,benchmark-fail,,revert-applied-no-repro,fail,,line,14,,,,,,,,,,,,,,,,,,,,,,benchmark-fail,revert-applied-no-repro
redos,MrRio/jsPDF,jspdf,2.1.1,benchmark-fail,,baseline-already-vulnerable: image-not-fixed,pass,,line,1,,,,,,,,,,,,,,,,,,,,,,benchmark-fail,baseline-already-vulnerable: image-not-fixed
redos,locutusjs/locutus,locutus,2.0.10,benchmark-fail,,revert-applied-no-repro,fail,,line,1,,,,,,,,,,,,,,,,,,,,,,benchmark-fail,revert-applied-no-repro
redos,lodash/lodash,lodash,4.17.4,benchmark-fail,,revert-applied-no-repro,fail,,line,8,,,,,,,,,,,,,,,,,,,,,,benchmark-fail,revert-applied-no-repro
redos,markdown-it/markdown-it,markdown-it,9.1.0,benchmark-fail,,revert-applied-no-repro,fail,,line,5,,,,,,,,,,,,,,,,,,,,,,benchmark-fail,revert-applied-no-repro
redos,markedjs/marked,marked,0.3.6,benchmark-fail,,revert-applied-no-repro,fail,,hunk,70,,,,,,,,,,,,,,,,,,,,,,benchmark-fail,revert-applied-no-repro
redos,expressjs/method-override,method-override,2.0.0,ok,n/a (codeql),minimized+evaded (ci:preserved),fail,yes,line,4,3,,,0,0,0,0,,,,,neither,,,exploit-minimal,preserved,0,,,,yes,benchmark-fail,revert-applied-no-repro
redos,broofa/node-mime,mime,1.4.0,benchmark-fail,,revert-applied-no-repro,fail,,line,1,,,,,,,,,,,,,,,,,,,,,,benchmark-fail,revert-applied-no-repro
redos,isaacs/minimatch,minimatch,3.0.0,exploit-fail,no,minimized+evaded-EXPLOIT-BROKEN (ci:skipped),fail,no,line,5,5,,,4,0,0,0,1,0,0,0,neither,,,,skipped,0,,,,,exploit-fail,minimized+evaded-EXPLOIT-BROKEN (ci:skipped)
redos,hgoebl/mobile-detect.js,mobile-detect,1.3.6,ok,n/a (codeql),minimized+evaded (ci:preserved),fail,yes,line,17,2,,,16,0,0,0,,,,,neither,,,exploit-minimal,preserved,0,,,,yes,benchmark-fail,baseline-already-vulnerable: image-not-fixed
redos,vercel/ms,ms,0.7.0,ok,no,minimized+partial-evade (ci:skipped),fail,yes,line,1,1,,,1,0,0,0,0,1,1,1,codeql,,js/polynomial-redos×1,,skipped,0,,,js/polynomial-redos @ index.js:41 — This [regular expression](1) that depends on [library input](2) may run slow on strings with many repetitions of '99'.,,ok,minimized+partial-evade (ci:skipped)
redos,NaturalNode/natural,natural,5.1.0,ok,yes,minimized+evaded (ci:skipped),fail,yes,line,2,1,,,0,0,0,0,1,0,0,0,neither,,,,skipped,0,,,,,ok,minimized+evaded (ci:skipped)
redos,sindresorhus/normalize-url,normalize-url,6.0.0,ok,n/a (codeql),minimized+evaded (ci:baseline-already-broken),fail,yes,line,2,1,,,1,0,0,0,,,,,neither,,,exploit-minimal,baseline-already-broken,0,,,,yes,benchmark-fail,revert-applied-no-repro
redos,npm/npm-user-validate,npm-user-validate,1.0.0,ok,n/a (codeql),minimized+evaded (ci:preserved),fail,yes,line,3,1,,,1,0,0,0,,,,,neither,,,exploit-minimal,preserved,0,,,,yes,benchmark-fail,revert-applied-no-repro
redos,fb55/nth-check,nth-check,2.0.0,ok,no,minimized+partial-evade (ci:skipped),fail,yes,line,22,2,,,0,0,0,0,0,1,1,1,codeql,,js/polynomial-redos×1,,skipped,0,,,js/polynomial-redos @ src/parse.ts:22 — This [regular expression](1) that depends on [library input](2) may run slow on strings with many repetitions of ' '. This [regular expression](1) that depends on [library input](3) may run slow on strings with many rep…,,ok,minimized+partial-evade (ci:skipped)
redos,mholt/PapaParse,papaparse,5.1.1,ok,yes,minimized+evaded (ci:skipped),fail,yes,line,1,1,,,6,0,0,0,8,0,0,0,neither,,,,skipped,0,,,,,ok,minimized+evaded (ci:skipped)
redos,postcss/postcss,postcss,8.0.0,benchmark-fail,,revert-applied-no-repro,fail,,line,2,,,,,,,,,,,,,,,,,,,,,,benchmark-fail,revert-applied-no-repro
redos,ramda/ramda,ramda,0.27.1,benchmark-fail,,revert-applied-no-repro,fail,,line,2,,,,,,,,,,,,,,,,,,,,,,benchmark-fail,revert-applied-no-repro
redos,facebook/react-native,react-native,0.63.0-rc.0,setup-fail,,image-failed,,,,,,,,,,,,,,,,,,,,,,,,,,setup-fail,image-failed
redos,pocketly/node-sanitize,sanitize,2.0.0,ok,yes,minimized+evaded (ci:skipped),fail,yes,line,4,1,,,2,0,0,0,0,0,0,0,neither,,,,skipped,0,,,,,ok,minimized+evaded (ci:skipped)
redos,sindresorhus/semver-regex,semver-regex,3.1.1,benchmark-fail,,revert-applied-no-repro,fail,,line,4,,,,,,,,,,,,,,,,,,,,,,benchmark-fail,revert-applied-no-repro
redos,Khan/simple-markdown,simple-markdown,0.7.2,benchmark-fail,,revert-applied-no-repro,fail,,line,1,,,,,,,,,,,,,,,,,,,,,,benchmark-fail,revert-applied-no-repro
redos,npm/ssri,ssri,8.0.0,ok,n/a (codeql),minimized+evaded (ci:preserved),fail,yes,line,3,1,,,1,0,0,0,,,,,neither,,,exploit-minimal,preserved,0,,,,yes,benchmark-fail,revert-applied-no-repro
redos,cronvel/terminal-kit,terminal-kit,2.1.0,ok,n/a (codeql),minimized+evaded (ci:skipped),fail,yes,line,8,1,,,87,0,0,0,,,,,neither,,,,skipped,0,,,,,ok,minimized+evaded (ci:skipped)
redos,mrdoob/three.js,three,0.122.0,ok,n/a (codeql),minimized+evaded (ci:baseline-already-broken),fail,yes,hunk,318,89,,,0,0,0,0,,,,,neither,,,exploit-minimal,baseline-already-broken,0,,,,yes,benchmark-fail,baseline-already-vulnerable: image-not-fixed
redos,daaku/nodejs-tmpl,tmpl,1.0.0,ok,n/a (codeql),minimized+evaded (ci:preserved),fail,yes,line,1,1,,,2,0,0,0,,,,,neither,,,exploit-minimal,preserved,0,,,,yes,benchmark-fail,revert-applied-no-repro
redos,stevemao/trim-off-newlines,trim-off-newlines,1.0.0,ok,no,minimized+partial-evade (ci:skipped),fail,yes,line,7,1,,,0,0,0,0,0,1,1,1,codeql,,js/polynomial-redos×1,,skipped,0,,,js/polynomial-redos @ index.js:6 — This [regular expression](1) that depends on [library input](2) may run slow on strings with many repetitions of '\n'.,,ok,minimized+partial-evade (ci:skipped)
redos,FGRibreau/node-truncate,truncate,2.0.0,ok,yes,minimized+evaded (ci:skipped),fail,yes,line,3,2,,,1,0,0,0,0,0,0,0,neither,,,,skipped,0,,,,,ok,minimized+evaded (ci:skipped)
redos,faisalman/ua-parser-js,ua-parser-js,0.7.22,benchmark-fail,,revert-applied-no-repro,fail,,line,2,,,,,,,,,,,,,,,,,,,,,,benchmark-fail,revert-applied-no-repro
redos,johnhenry/valid-email,valid-email,0.0.1,ok,n/a (codeql),minimized+evaded (ci:none),fail,yes,line,2,1,,,0,0,0,0,,,,,neither,,,exploit-minimal,none,0,,,,yes,benchmark-fail,revert-applied-no-repro
redos,tux-tn/validator.js,validator,13.5.2,benchmark-fail,,revert-applied-no-repro,fail,,line,1,,,,,,,,,,,,,,,,,,,,,,benchmark-fail,revert-applied-no-repro
redos,websockets/ws,ws,7.0.0,exploit-fail,,poc-ignores-package,,,line,2,,,,,,,,,,,,,,,,,,,,,,exploit-fail,poc-ignores-package
