category,package,version,cve_id,repository,repository_url,fixed_version,fix_commit_url,fix_commit_sha,source
prototype-pollution,101,1.0.0,CVE-2021-25943,tjmehta/101,https://github.com/tjmehta/101,,,,npm
prototype-pollution,Proto,1.1.4,CVE-2021-23426,adriancmiranda/Proto,https://github.com/adriancmiranda/Proto,,,,npm
prototype-pollution,Templ8,0.7.0,CVE-2020-7702,constantology/Templ8,https://github.com/constantology/Templ8,,,,npm
prototype-pollution,algoliasearch-helper,3.6.0,CVE-2021-23433,algolia/algoliasearch-helper-js,https://github.com/algolia/algoliasearch-helper-js,3.6.2,https://github.com/algolia/algoliasearch-helper-js/commit/4ff542b70b92a6b81cce8b9255700b0bc0817edd,4ff542b70b92a6b81cce8b9255700b0bc0817edd,fixCommit
prototype-pollution,arr-flatten-unflatten,1.1.4,CVE-2020-7713,Quernest/arr-flatten-unflatten,https://github.com/Quernest/arr-flatten-unflatten,,,,npm
prototype-pollution,asciitable.js,1.0.2,CVE-2020-7771,victornpb/asciitable.js,https://github.com/victornpb/asciitable.js,1.0.3,,,npm
prototype-pollution,assign-deep,1.0.0,CVE-2019-10745,jonschlinkert/assign-deep,https://github.com/jonschlinkert/assign-deep,1.0.1,https://github.com/jonschlinkert/assign-deep/commit/90bf1c551d05940898168d04066bbf15060f50cc,90bf1c551d05940898168d04066bbf15060f50cc,fixCommit
prototype-pollution,aurelia-path,1.1.0,CVE-2021-41097,aurelia/path,https://github.com/aurelia/path,1.1.7,https://github.com/aurelia/path/releases/tag/1.1.7,,fixCommit
prototype-pollution,@aws-sdk/shared-ini-file-loader,1.0.0-rc.8,CVE-2020-28472,aws/aws-sdk-js-v3,https://github.com/aws/aws-sdk-js-v3,1.0.0-rc.9,https://github.com/aws/aws-sdk-js-v3/commit/a209082dff913939672bb069964b33aa4c5409a9,a209082dff913939672bb069964b33aa4c5409a9,fixCommit
prototype-pollution,bmoor,0.8.11,CVE-2020-7736,b-heilman/bmoor,https://github.com/b-heilman/bmoor,0.8.12,,,npm
prototype-pollution,bodymen,1.0.0,CVE-2019-10792,diegohaz/bodymen,https://github.com/diegohaz/bodymen,1.1.1,https://github.com/diegohaz/bodymen/commit/5d52e8cf360410ee697afd90937e6042c3a8653b,5d52e8cf360410ee697afd90937e6042c3a8653b,fixCommit
prototype-pollution,@brikcss/merge,1.3.0,,brikcss/merge,https://github.com/brikcss/merge,,,,npm
prototype-pollution,cached-path-relative,1.0.1,CVE-2018-16472,ashaffer/cached-path-relative,https://github.com/ashaffer/cached-path-relative,1.0.2,https://github.com/ashaffer/cached-path-relative/commit/a43cffec84ed0e9eceecb43b534b6937a8028fc0,a43cffec84ed0e9eceecb43b534b6937a8028fc0,fixCommit
prototype-pollution,changeset,0.1.0,CVE-2021-25915,eugeneware/changeset,https://github.com/eugeneware/changeset,0.2.6,https://github.com/eugeneware/changeset/commit/9e588844edbb9993b32e7366cc799262b4447f99,9e588844edbb9993b32e7366cc799262b4447f99,fixCommit
prototype-pollution,class-transformer,0.1.1,CVE-2020-7637,pleerock/class-transformer,https://github.com/pleerock/class-transformer,0.3.1,,,npm
prototype-pollution,component-flatten,1.0.1,CVE-2019-10794,component/flatten.js,https://github.com/component/flatten.js,,,,npm
prototype-pollution,confinit,0.3.0,CVE-2020-7638,davideicardi/confinit,https://github.com/davideicardi/confinit,0.4.0,https://github.com/davideicardi/confinit/commit/a34e06ca5c1c8b047ef112ef188b2fe30d2a1eab,a34e06ca5c1c8b047ef112ef188b2fe30d2a1eab,fixCommit
prototype-pollution,confucious,0.0.12,CVE-2020-7714,Real-Serious-Games/confucious,https://github.com/Real-Serious-Games/confucious,,,,npm
prototype-pollution,connie,0.1.0,CVE-2020-7706,mattinsler/connie,https://github.com/mattinsler/connie,,,,fixCommit
prototype-pollution,controlled-merge,1.0.0,CVE-2020-28268,hlfshell/controlled-merge,https://github.com/hlfshell/controlled-merge,1.3.0,https://github.com/hlfshell/controlled-merge/commit/5a4b2e9ffe5a0be7f8843d4ab038599d3ae5f9d4,5a4b2e9ffe5a0be7f8843d4ab038599d3ae5f9d4,fixCommit
prototype-pollution,convict,6.0.0,,mozilla/node-convict,https://github.com/mozilla/node-convict,6.0.1,,,npm
prototype-pollution,@cookiex/deep,0.0.6,CVE-2021-23442,tony-tsx/cookiex-deep,https://github.com/tony-tsx/cookiex-deep,,,,npm
prototype-pollution,copy-props,2.0.4,CVE-2020-28503,sttk/copy-props,https://github.com/sttk/copy-props,2.0.5,,,npm
prototype-pollution,deap,1.0.0,CVE-2018-3749,selfcontained/deap,https://github.com/selfcontained/deap,1.0.1,,,npm
prototype-pollution,decal,2.0.0,CVE-2020-28449,gigafied/decal.js,https://github.com/gigafied/decal.js,,,,npm
prototype-pollution,decal,2.1.3,CVE-2020-28450,gigafied/decal.js,https://github.com/gigafied/decal.js,,,,npm
prototype-pollution,deep-defaults,1.0.5,CVE-2021-25944,d5/deep-defaults,https://github.com/d5/deep-defaults,,,,npm
prototype-pollution,deep-extend,0.5.0,CVE-2018-3750,unclechu/node-deep-extend,https://github.com/unclechu/node-deep-extend,0.5.1,https://github.com/unclechu/node-deep-extend/commit/433ee51ed606f4e1867ece57b6ff5a47bebb492f,433ee51ed606f4e1867ece57b6ff5a47bebb492f,fixCommit
prototype-pollution,deep-get-set,1.1.0,CVE-2020-7715,acstll/deep-get-set,https://github.com/acstll/deep-get-set,,,,npm
prototype-pollution,deep-override,1.0.0,CVE-2021-25941,ASaiAnudeep/deep-override,https://github.com/ASaiAnudeep/deep-override,1.0.2,https://github.com/ASaiAnudeep/deep-override/commit/2aced17651fb684959a6e04b1465a8329b3d5268,2aced17651fb684959a6e04b1465a8329b3d5268,fixCommit
prototype-pollution,deep-set,1.0.0,CVE-2020-28276,klaemo/deep-set,https://github.com/klaemo/deep-set,,,,npm
prototype-pollution,deephas,1.0.5,CVE-2020-28271,sharpred/deepHas,https://github.com/sharpred/deepHas,1.0.7,https://github.com/sharpred/deepHas/commit/2fe011713a6178c50f7deb6f039a8e5435981e20,2fe011713a6178c50f7deb6f039a8e5435981e20,fixCommit
prototype-pollution,deeply,3.0.0,CVE-2019-10750,alexindigo/deeply,https://github.com/alexindigo/deeply,3.1.0,https://github.com/alexindigo/deeply/commit/6eccb2f03ec8d3eefc6805053c4cc2a36aab1505,6eccb2f03ec8d3eefc6805053c4cc2a36aab1505,fixCommit
prototype-pollution,deepmergefn,1.1.0,CVE-2021-23417,jesusgm/deepMerge,https://github.com/jesusgm/deepMerge,,,,npm
prototype-pollution,deepref,1.1.1,CVE-2020-28274,isaymatato/deepref,https://github.com/isaymatato/deepref,1.2.1,https://github.com/isaymatato/deepref/commit/24935e6a1060cb09c641d3075982f0b44cfca4c2,24935e6a1060cb09c641d3075982f0b44cfca4c2,fixCommit
prototype-pollution,deeps,1.4.5,CVE-2020-7716,Salakar/deeps,https://github.com/Salakar/deeps,,,,npm
prototype-pollution,defaults-deep,0.2.0,CVE-2018-3723,jonschlinkert/defaults-deep,https://github.com/jonschlinkert/defaults-deep,0.2.4,https://github.com/jonschlinkert/defaults-deep/commit/c873f341327ad885ff4d0f23b3d3bca31b0343e5,c873f341327ad885ff4d0f23b3d3bca31b0343e5,fixCommit
prototype-pollution,defaults-deep,0.2.4,CVE-2018-16486,jonschlinkert/defaults-deep,https://github.com/jonschlinkert/defaults-deep,,,,npm
prototype-pollution,doc-path,2.0.0,CVE-2020-7772,mrodrig/doc-path,https://github.com/mrodrig/doc-path,2.3.0,https://github.com/mrodrig/doc-path/commit/3e2bb168cf303bffcd7fae5f8d05e5300c1541c7,3e2bb168cf303bffcd7fae5f8d05e5300c1541c7,fixCommit
prototype-pollution,dot-notes,3.2.0,CVE-2020-7717,whitfin/dot-notes,https://github.com/whitfin/dot-notes,,,,npm
prototype-pollution,dot-object,2.1.2,CVE-2019-10793,rhalff/dot-object,https://github.com/rhalff/dot-object,2.1.3,https://github.com/rhalff/dot-object/commit/f76cff5fe6d01d30ce110d8f454db2e5bd28a7de,f76cff5fe6d01d30ce110d8f454db2e5bd28a7de,fixCommit
prototype-pollution,dot-prop,2.0.0,CVE-2020-8116,sindresorhus/dot-prop,https://github.com/sindresorhus/dot-prop,5.1.1,https://github.com/sindresorhus/dot-prop/commit/3039c8c07f6fdaa8b595ec869ae0895686a7a0f2,3039c8c07f6fdaa8b595ec869ae0895686a7a0f2,fixCommit
prototype-pollution,dotty,0.0.1,CVE-2021-23624,deoxxa/dotty,https://github.com/deoxxa/dotty,0.1.2,https://github.com/deoxxa/dotty/commit/88f61860dcc274a07a263c32cbe9d44c24ef02d7,88f61860dcc274a07a263c32cbe9d44c24ef02d7,fixCommit
prototype-pollution,dset,1.0.0,CVE-2020-28277,lukeed/dset,https://github.com/lukeed/dset,2.1.0,,,npm
prototype-pollution,@eivifj/dot,1.0.2,CVE-2020-7639,eivindfjeldstad/dot,https://github.com/eivindfjeldstad/dot,1.0.3,https://github.com/eivindfjeldstad/dot/commit/774e4b0c97ca35d2ae40df2cd14428d37dd07a0b,774e4b0c97ca35d2ae40df2cd14428d37dd07a0b,fixCommit
prototype-pollution,eivindfjeldstad-dot,0.0.1,CVE-2020-7639,eivindfjeldstad/dot,https://github.com/eivindfjeldstad/dot,,https://github.com/eivindfjeldstad/dot/commit/774e4b0c97ca35d2ae40df2cd14428d37dd07a0b,774e4b0c97ca35d2ae40df2cd14428d37dd07a0b,fixCommit
prototype-pollution,expand-hash,1.0.1,CVE-2021-25948,doowb/expand-hash,https://github.com/doowb/expand-hash,,,,npm
prototype-pollution,extend-merge,1.0.5,,crysalead-js/extend-merge,https://github.com/crysalead-js/extend-merge,1.0.6,https://github.com/crysalead-js/extend-merge/commit/6c8dc4e4b5983fa3e85544716f8e347dea2ba3b0,6c8dc4e4b5983fa3e85544716f8e347dea2ba3b0,fixCommit
prototype-pollution,extend,3.0.1,CVE-2018-16492,justmoon/node-extend,https://github.com/justmoon/node-extend,3.0.2,https://github.com/justmoon/node-extend/commit/0e68e71d93507fcc391e398bc84abd0666b28190,0e68e71d93507fcc391e398bc84abd0666b28190,fixCommit
prototype-pollution,@fabiocaccamo/utils.js,0.17.0,CVE-2021-3815,fabiocaccamo/utils.js,https://github.com/fabiocaccamo/utils.js,,https://github.com/fabiocaccamo/utils.js/commit/102efafb291ce1916985514440d3bf8a6826890a,102efafb291ce1916985514440d3bf8a6826890a,fixCommit
prototype-pollution,fast-json-patch,2.0.4,,Starcounter-Jack/JSON-Patch,https://github.com/Starcounter-Jack/JSON-Patch,2.2.1,https://github.com/Starcounter-Jack/JSON-Patch/pull/219/commits/dd5d353f5d65888aeac91359484a73f0e2a9e5bd,dd5d353f5d65888aeac91359484a73f0e2a9e5bd,fixCommit
prototype-pollution,field,1.0.1,CVE-2020-28269,jprichardson/field,https://github.com/jprichardson/field,,,,npm
prototype-pollution,@firebase/util,0.3.2,CVE-2020-7765,firebase/firebase-js-sdk,https://github.com/firebase/firebase-js-sdk,0.3.4,,,npm
prototype-pollution,@firebase/util,0.3.3,CVE-2020-7765,firebase/firebase-js-sdk,https://github.com/firebase/firebase-js-sdk,0.3.4,https://github.com/firebase/firebase-js-sdk/commit/9cf727fcc3d049551b16ae0698ac33dc2fe45ada,9cf727fcc3d049551b16ae0698ac33dc2fe45ada,fixCommit
prototype-pollution,flat-wrap,1.0.2,,piyush44903/flat-wrap,https://github.com/piyush44903/flat-wrap,,,,npm
prototype-pollution,flat,5.0.0,CVE-2021-25927,hughsk/flat,https://github.com/hughsk/flat,5.0.1,,,fixCommit
prototype-pollution,flattenizer,0.0.5,CVE-2020-28279,sahellebusch/flattenizer,https://github.com/sahellebusch/flattenizer,1.1.1,,,npm
prototype-pollution,@fluentui/styles,0.47.15,,OfficeDev/office-ui-fabric-react,https://github.com/OfficeDev/office-ui-fabric-react,0.50.0,,,npm
prototype-pollution,gammautils,0.0.81,CVE-2020-7718,gammasoft/utils,https://github.com/gammasoft/utils,,,,npm
prototype-pollution,gedi,1.6.3,CVE-2020-7727,KoryNunn/gedi,https://github.com/KoryNunn/gedi,,,,npm
prototype-pollution,getobject,0.1.0,CVE-2020-28282,cowboy/node-getobject,https://github.com/cowboy/node-getobject,1.0.0,,,npm
prototype-pollution,getsetdeep,4.15.0,,bevry/getsetdeep,https://github.com/bevry/getsetdeep,,,,npm
prototype-pollution,grunt-util-property,0.0.2,CVE-2020-7641,mikaelkaron/grunt-util-property,https://github.com/mikaelkaron/grunt-util-property,,,,npm
prototype-pollution,hoek,5.0.0,CVE-2018-3728,hapijs/hoek,https://github.com/hapijs/hoek,5.0.3,https://github.com/hapijs/hoek/commit/32ed5c9413321fbc37da5ca81a7cbab693786dee,32ed5c9413321fbc37da5ca81a7cbab693786dee,fixCommit
prototype-pollution,i18next,19.7.0,,i18next/i18next,https://github.com/i18next/i18next,19.8.5,https://github.com/i18next/i18next/commit/932f5f662893376254d826e9b01dc4e4c0cd91c0,932f5f662893376254d826e9b01dc4e4c0cd91c0,fixCommit
prototype-pollution,@ianwalter/merge,9.0.1,CVE-2021-23397,ianwalter/merge,https://github.com/ianwalter/merge,,,,npm
prototype-pollution,immer,8.0.0,CVE-2021-23436,immerjs/immer,https://github.com/immerjs/immer,9.0.6,https://github.com/immerjs/immer/commit/fa671e55ee9bd42ae08cc239102b665a23958237,fa671e55ee9bd42ae08cc239102b665a23958237,fixCommit
prototype-pollution,ini-parser,0.0.2,CVE-2020-7617,rawiroaisen/node-ini-parser,https://github.com/rawiroaisen/node-ini-parser,,,,npm
prototype-pollution,ini,1.3.5,CVE-2020-7788,isaacs/ini,https://github.com/isaacs/ini,,,,npm
prototype-pollution,iniparserjs,1.0.4,CVE-2021-23328,tensoar/IniParser.js,https://github.com/tensoar/IniParser.js,,,,npm
prototype-pollution,inireader,1.0.0,,Ajnasz/IniReader,https://github.com/Ajnasz/IniReader,2.0.0,https://github.com/Ajnasz/IniReader/commit/c260e4e9050c731dbdb88e1d2e23e851528d3d93,c260e4e9050c731dbdb88e1d2e23e851528d3d93,fixCommit
prototype-pollution,ion-parser,0.5.2,CVE-2020-28462,Lepzulnag/ion-parser,https://github.com/Lepzulnag/ion-parser,,,,npm
prototype-pollution,jointjs,2.2.1,CVE-2021-23444,clientIO/joint,https://github.com/clientIO/joint,3.4.2,https://github.com/clientIO/joint/commit/e5bf89efef6d5ea572d66870ffd86560de7830a8,e5bf89efef6d5ea572d66870ffd86560de7830a8,fixCommit
prototype-pollution,jointjs,3.4.0,CVE-2021-23444,clientIO/joint,https://github.com/clientIO/joint,3.4.2,https://github.com/clientIO/joint/commit/e5bf89efef6d5ea572d66870ffd86560de7830a8,e5bf89efef6d5ea572d66870ffd86560de7830a8,fixCommit
prototype-pollution,jquery,1.11.0,CVE-2019-11358,jquery/jquery,https://github.com/jquery/jquery,3.4.0,https://github.com/jquery/jquery/commit/753d591aea698e57d6db58c9f722cd0808619b1b,753d591aea698e57d6db58c9f722cd0808619b1b,fixCommit
prototype-pollution,js-data,3.0.9,CVE-2021-23574,js-data/js-data,https://github.com/js-data/js-data,,https://github.com/js-data/js-data/pull/579/commits/44d69656ce22a0a0300f1e94eb6dcfefd9dcffa4,44d69656ce22a0a0300f1e94eb6dcfefd9dcffa4,fixCommit
prototype-pollution,js-extend,0.0.1,CVE-2021-25945,vmattos/js-extend,https://github.com/vmattos/js-extend,,,,npm
prototype-pollution,js-ini,1.2.0,CVE-2020-28461,Sdju/js-ini,https://github.com/Sdju/js-ini,1.3.0,https://github.com/Sdju/js-ini/commit/fa17efb7e3a7c9464508a254838d4c231784931e,fa17efb7e3a7c9464508a254838d4c231784931e,fixCommit
prototype-pollution,json-pointer,0.6.0,CVE-2021-23820,manuelstofer/json-pointer,https://github.com/manuelstofer/json-pointer,,https://github.com/manuelstofer/json-pointer/pull/34/files,,fixCommit
prototype-pollution,json-pointer,0.6.1,CVE-2021-23820,manuelstofer/json-pointer,https://github.com/manuelstofer/json-pointer,,,,npm
prototype-pollution,json-ptr,1.1.0,CVE-2021-23509,flitbit/json-ptr,https://github.com/flitbit/json-ptr,3.0.0,https://github.com/flitbit/json-ptr/commit/5dc458fbad1c382a2e3ca6d62e66ede3d92849ca,5dc458fbad1c382a2e3ca6d62e66ede3d92849ca,fixCommit
prototype-pollution,json-schema,0.3.0,CVE-2021-3918,kriszyp/json-schema,https://github.com/kriszyp/json-schema,0.4.0,https://github.com/kriszyp/json-schema/commit/22f146111f541d9737e832823699ad3528ca7741,22f146111f541d9737e832823699ad3528ca7741,fixCommit
prototype-pollution,json8-merge-patch,1.0.1,CVE-2020-8268,JSON8/merge-patch,https://github.com/JSON8/merge-patch,1.0.3,,,npm
prototype-pollution,jsonpointer,4.0.0,CVE-2021-23807,janl/node-jsonpointer,https://github.com/janl/node-jsonpointer,5.0.0,https://github.com/janl/node-jsonpointer/commit/a0345f3550cd9c4d89f33b126390202b89510ad4,a0345f3550cd9c4d89f33b126390202b89510ad4,fixCommit
prototype-pollution,just-extend,3.0.0,CVE-2018-16489,angus-c/just,https://github.com/angus-c/just,,,,npm
prototype-pollution,just-safe-set,1.0.0,CVE-2021-25952,angus-c/just,https://github.com/angus-c/just,2.2.2,https://github.com/angus-c/just/commit/dd57a476f4bb9d78c6f60741898dc04c71d2eb53,dd57a476f4bb9d78c6f60741898dc04c71d2eb53,fixCommit
prototype-pollution,keyd,1.3.4,,trenskow/keyd,https://github.com/trenskow/keyd,1.4.3,,,npm
prototype-pollution,keyget,2.2.0,CVE-2020-28272,rumkin/keyget,https://github.com/rumkin/keyget,2.3.0,https://github.com/rumkin/keyget/commit/17d15b6c75036eb429075a8cfeccfc18094dd2e2,17d15b6c75036eb429075a8cfeccfc18094dd2e2,fixCommit
prototype-pollution,libnested,1.5.0,CVE-2020-28283,dominictarr/libnested,https://github.com/dominictarr/libnested,1.5.1,https://github.com/dominictarr/libnested/commit/9619863a319ed1e5c19ddcbdbe3312f9cef72760,9619863a319ed1e5c19ddcbdbe3312f9cef72760,fixCommit
prototype-pollution,linux-cmdline,1.0.0,CVE-2020-7704,piranna/linux-cmdline,https://github.com/piranna/linux-cmdline,1.0.1,https://github.com/piranna/linux-cmdline/commit/53c61a88bc47eb25d71832205056beaab95cf677,53c61a88bc47eb25d71832205056beaab95cf677,fixCommit
prototype-pollution,locutus,2.0.11,CVE-2020-7719,kvz/locutus,https://github.com/kvz/locutus,2.0.12,,,npm
prototype-pollution,lodash,4.17.10,CVE-2019-10744,lodash/lodash,https://github.com/lodash/lodash,4.17.12,https://github.com/lodash/lodash/commit/1f8ea07746963a535385a5befc19fa687a627d2b,1f8ea07746963a535385a5befc19fa687a627d2b,fixCommit
prototype-pollution,lodash,4.17.11,CVE-2020-8203,lodash/lodash,https://github.com/lodash/lodash,4.17.16,,,npm
prototype-pollution,lodash,4.17.15,CVE-2020-8203,lodash/lodash,https://github.com/lodash/lodash,4.17.19,,,fixCommit
prototype-pollution,lodash,4.17.9,CVE-2018-16487,lodash/lodash,https://github.com/lodash/lodash,4.17.11,https://github.com/lodash/lodash/commit/90e6199a161b6445b01454517b40ef65ebecd2ad,90e6199a161b6445b01454517b40ef65ebecd2ad,fixCommit
prototype-pollution,lutils-merge,0.2.6,,nfour/lutils-merge,https://github.com/nfour/lutils-merge,,,,npm
prototype-pollution,lutils,2.4.0,CVE-2021-23396,nfour/lutils,https://github.com/nfour/lutils,,,,npm
prototype-pollution,@lyngs/digger,1.0.7,,ShookLyngs/digger,https://github.com/ShookLyngs/digger,,,,npm
prototype-pollution,@lyngs/merge,1.0.9,,ShookLyngs/merge,https://github.com/ShookLyngs/merge,,,,npm
prototype-pollution,madlib-object-utils,0.1.6,CVE-2020-7701,Qwerios/madlib-object-utils,https://github.com/Qwerios/madlib-object-utils,0.1.7,,,npm
prototype-pollution,mathjs,7.4.0,CVE-2020-7743,josdejong/mathjs,https://github.com/josdejong/mathjs,7.5.1,https://github.com/josdejong/mathjs/commit/ecb80514e80bce4e6ec7e71db8ff79954f07c57e,ecb80514e80bce4e6ec7e71db8ff79954f07c57e,fixCommit
prototype-pollution,merge-change,1.0.1,CVE-2021-23421,VladimirShestakov/merge-change,https://github.com/VladimirShestakov/merge-change,,,,links
prototype-pollution,merge-deep2,3.0.5,CVE-2021-23700,luyuan/merge-deep,https://github.com/luyuan/merge-deep,,,,npm
prototype-pollution,merge-deep,3.0.0,CVE-2021-26707,jonschlinkert/merge-deep,https://github.com/jonschlinkert/merge-deep,3.0.3,https://github.com/jonschlinkert/merge-deep/commit/e370968581413a2e5ffdbbf7c2f5094e0e0b3861,e370968581413a2e5ffdbbf7c2f5094e0e0b3861,fixCommit
prototype-pollution,merge-objects,1.0.3,CVE-2018-3753,shevaroller/node-merge-objects,https://github.com/shevaroller/node-merge-objects,,,,npm
prototype-pollution,merge-options,1.0.0,CVE-2018-3752,schnittstabil/merge-options,https://github.com/schnittstabil/merge-options,1.0.1,https://github.com/schnittstabil/merge-options/commit/d4a93bc2890455e0931ac0779667023e6cb101d4,d4a93bc2890455e0931ac0779667023e6cb101d4,fixCommit
prototype-pollution,merge-recursive,0.0.3,CVE-2018-3751,UmbraEngineering/node-merge-recursive,https://github.com/UmbraEngineering/node-merge-recursive,,,,npm
prototype-pollution,merge,2.1.0,CVE-2020-28499,yeikos/js.merge,https://github.com/yeikos/js.merge,,,,npm
prototype-pollution,mergify,1.0.2,,caub/mergify,https://github.com/caub/mergify,,,,npm
prototype-pollution,minimist,1.0.0,CVE-2020-7598,substack/minimist,https://github.com/substack/minimist,1.2.3,,,npm
prototype-pollution,mithril,1.0.0,,lhorie/mithril.js,https://github.com/lhorie/mithril.js,1.1.7,https://github.com/MithrilJS/mithril.js/commit/97fa1788c2184ff4b87fd3f558b7003f9eeee2b1,97fa1788c2184ff4b87fd3f558b7003f9eeee2b1,fixCommit
prototype-pollution,mixin-deep,1.3.0,CVE-2018-3719,jonschlinkert/mixin-deep,https://github.com/jonschlinkert/mixin-deep,1.3.1,https://github.com/jonschlinkert/mixin-deep/commit/578b0bc5e74e14de9ef4975f504dc698796bdf9c,578b0bc5e74e14de9ef4975f504dc698796bdf9c,fixCommit
prototype-pollution,mixin-deep,2.0.0,CVE-2019-10746,jonschlinkert/mixin-deep,https://github.com/jonschlinkert/mixin-deep,2.0.1,https://github.com/jonschlinkert/mixin-deep/commit/8f464c8ce9761a8c9c2b3457eaeee9d404fa7af9,8f464c8ce9761a8c9c2b3457eaeee9d404fa7af9,fixCommit
prototype-pollution,mootools,1.5.2,CVE-2021-23432,vsviridov/mootools-node,https://github.com/vsviridov/mootools-node,,,,npm
prototype-pollution,mout,1.0.0,CVE-2020-7792,mout/mout,https://github.com/mout/mout,1.2.3,,,npm
prototype-pollution,mpath,0.4.1,CVE-2021-23438,aheckmann/mpath,https://github.com/aheckmann/mpath,0.8.4,https://github.com/aheckmann/mpath/commit/89402d2880d4ea3518480a8c9847c541f2d824fc,89402d2880d4ea3518480a8c9847c541f2d824fc,fixCommit
prototype-pollution,mquery,3.2.1,,aheckmann/mquery,https://github.com/aheckmann/mquery,3.2.5,https://github.com/aheckmann/mquery/commit/158f059e058579d2d08c2f1380689f5f69336778,158f059e058579d2d08c2f1380689f5f69336778,fixCommit
prototype-pollution,multi-ini,2.1.0,CVE-2020-28448,evangelion1204/multi-ini,https://github.com/evangelion1204/multi-ini,2.1.1,,,npm
prototype-pollution,nconf-toml,0.0.1,CVE-2021-25946,RobLoach/nconf-toml,https://github.com/RobLoach/nconf-toml,,,,npm
prototype-pollution,nedb,1.8.0,CVE-2021-23395,louischatriot/nedb,https://github.com/louischatriot/nedb,,,,npm
prototype-pollution,nested-object-assign,1.0.3,CVE-2021-23329,Geta/NestedObjectAssign,https://github.com/Geta/NestedObjectAssign,1.0.4,,,npm
prototype-pollution,nested-property,0.0.5,,cosmosio/nested-property,https://github.com/cosmosio/nested-property,3.0.0,https://github.com/cosmosio/nested-property/commit/881cf37eb956641fc26011ff66a436eb603c89d1,881cf37eb956641fc26011ff66a436eb603c89d1,fixCommit
prototype-pollution,nestie,1.0.0,,lukeed/nestie,https://github.com/lukeed/nestie,1.0.2,https://github.com/lukeed/nestie/commit/c571c77928ecd7f256a935c7c3860f33dac4653f,c571c77928ecd7f256a935c7c3860f33dac4653f,fixCommit
prototype-pollution,nis-utils,0.6.10,CVE-2020-7703,nowitssimple/utils,https://github.com/nowitssimple/utils,,,,npm
prototype-pollution,node-dig,1.0.1,,ysm001/node-dig,https://github.com/ysm001/node-dig,,,,npm
prototype-pollution,node.extend,1.0.0,CVE-2018-16491,dreamerslab/node.extend,https://github.com/dreamerslab/node.extend,2.0.1,,,npm
prototype-pollution,node-forge,0.9.0,CVE-2020-7720,digitalbazaar/forge,https://github.com/digitalbazaar/forge,0.10.0,https://github.com/digitalbazaar/forge/commit/51228083550dde97701ac8e06c629a5184117562,51228083550dde97701ac8e06c629a5184117562,fixCommit
prototype-pollution,node-ini,1.0.0,,pastorbones/node-ini,https://github.com/pastorbones/node-ini,,,,npm
prototype-pollution,node-oojs,1.4.0,CVE-2020-7721,zhangziqiu/oojs,https://github.com/zhangziqiu/oojs,,,,npm
prototype-pollution,nodee-utils,1.2.2,CVE-2020-7722,nodee-apps/utils,https://github.com/nodee-apps/utils,1.2.3,https://github.com/nodee-apps/utils/commit/52460d936c52f03c9907bc99ac5e890970cef83c,52460d936c52f03c9907bc99ac5e890970cef83c,fixCommit
prototype-pollution,object-collider,1.0.3,CVE-2021-25914,FireBlinkLTD/object-collider,https://github.com/FireBlinkLTD/object-collider,1.0.4,https://github.com/FireBlinkLTD/object-collider/commit/321f75a7f8e7b3393e5b7dd6dd9ab26ede5906e5,321f75a7f8e7b3393e5b7dd6dd9ab26ede5906e5,fixCommit
prototype-pollution,object-path-set,1.0.0,CVE-2020-15256,skratchdot/object-path-set,https://github.com/skratchdot/object-path-set,1.0.1,https://github.com/skratchdot/object-path-set/commit/55f06d75abf5885f9cba3b7760acb38d7d7d06c0,55f06d75abf5885f9cba3b7760acb38d7d7d06c0,fixCommit
prototype-pollution,object-path,0.11.4,CVE-2020-15256,mariocasciaro/object-path,https://github.com/mariocasciaro/object-path,0.11.5,https://github.com/mariocasciaro/object-path/commit/2be3354c6c46215c7635eb1b76d80f1319403c68,2be3354c6c46215c7635eb1b76d80f1319403c68,fixCommit
prototype-pollution,object-path,0.11.4,CVE-2021-23434,mariocasciaro/object-path,https://github.com/mariocasciaro/object-path,0.11.6,https://github.com/mariocasciaro/object-path/commit/7bdf4abefd102d16c163d633e8994ef154cab9eb,7bdf4abefd102d16c163d633e8994ef154cab9eb,fixCommit
prototype-pollution,objection,2.0.0,CVE-2021-3766,vincit/objection.js,https://github.com/vincit/objection.js,3.0.0-alpha.5,https://github.com/vincit/objection.js/commit/b41aab8dcd78f426f7468dcda541a7aca18a66a6,b41aab8dcd78f426f7468dcda541a7aca18a66a6,fixCommit
prototype-pollution,objnest,5.0.0,,okunishinishi/node-objnest,https://github.com/okunishinishi/node-objnest,5.1.0,https://github.com/okunishinishi/node-objnest/commit/c541e1a775b562d63402a14dac9f8cbc52b116d7,c541e1a775b562d63402a14dac9f8cbc52b116d7,fixCommit
prototype-pollution,objtools,3.0.0,,zipscene/objtools,https://github.com/zipscene/objtools,,,,npm
prototype-pollution,objutil,2.17.3,,futurist/objutil,https://github.com/futurist/objutil,,,,npm
prototype-pollution,patchmerge,1.0.0,CVE-2021-25916,pjshumphreys/patchmerge,https://github.com/pjshumphreys/patchmerge,1.0.2,https://github.com/pjshumphreys/patchmerge/commit/5b383c537eae7a00ebd26d3f7211dac99ddecb12,5b383c537eae7a00ebd26d3f7211dac99ddecb12,fixCommit
prototype-pollution,patchmerge,1.0.1,CVE-2021-25916,pjshumphreys/patchmerge,https://github.com/pjshumphreys/patchmerge,1.0.2,https://github.com/pjshumphreys/patchmerge/commit/5b383c537eae7a00ebd26d3f7211dac99ddecb12,5b383c537eae7a00ebd26d3f7211dac99ddecb12,fixCommit
prototype-pollution,pathval,1.1.0,CVE-2020-7751,chaijs/pathval,https://github.com/chaijs/pathval,1.1.1,https://github.com/chaijs/pathval/commit/7859e0e1ce4c2c67de897edce097ed31f80661d0,7859e0e1ce4c2c67de897edce097ed31f80661d0,fixCommit
prototype-pollution,paypal-adaptive,0.4.1,CVE-2020-7643,gaguirre/paypal-adaptive-sdk-nodejs,https://github.com/gaguirre/paypal-adaptive-sdk-nodejs,,,,npm
prototype-pollution,phpjs,1.3.2,CVE-2020-7700,kvz/phpjs,https://github.com/kvz/phpjs,,,,npm
prototype-pollution,plain-object-merge,1.0.1,,fabiospampinato/plain-object-merge,https://github.com/fabiospampinato/plain-object-merge,1.0.2,https://github.com/fabiospampinato/plain-object-merge/commit/e2b59efa2216957815643c48797e2e2eae8ca2b2,e2b59efa2216957815643c48797e2e2eae8ca2b2,fixCommit
prototype-pollution,predefine,0.1.2,CVE-2020-28280,bigpipe/predefine,https://github.com/bigpipe/predefine,,,,npm
prototype-pollution,promisehelpers,0.0.5,CVE-2020-7723,yola/promisehelpers,https://github.com/yola/promisehelpers,,,,npm
prototype-pollution,properties-reader,2.0.0,CVE-2020-28471,steveukx/properties,https://github.com/steveukx/properties,2.2.0,https://github.com/steveukx/properties/commit/0877cc871db9865f58dd9389ce99e61be05380a5,0877cc871db9865f58dd9389ce99e61be05380a5,fixCommit
prototype-pollution,property-expr,2.0.2,CVE-2020-7707,jquense/expr,https://github.com/jquense/expr,2.0.3,https://github.com/jquense/expr/commit/df846910915d59f711ce63c1f817815bceab5ff7,df846910915d59f711ce63c1f817815bceab5ff7,fixCommit
prototype-pollution,prototyped.js,2.0.0,,ardalanamini/prototyped.js,https://github.com/ardalanamini/prototyped.js,2.0.1,https://github.com/ardalanamini/prototyped.js/commit/3ab56e78250d3d5b44ac03938d3d04591b206730,3ab56e78250d3d5b44ac03938d3d04591b206730,fixCommit
prototype-pollution,putil-merge,3.0.0,CVE-2021-25953,panates/putil-merge,https://github.com/panates/putil-merge,3.7.0,https://github.com/panates/putil-merge/commit/a8f5087faaa034cc2dc2e8070c13014ad6a34043,a8f5087faaa034cc2dc2e8070c13014ad6a34043,fixCommit
prototype-pollution,querymen,2.1.3,CVE-2020-7600,diegohaz/querymen,https://github.com/diegohaz/querymen,2.1.4,https://github.com/diegohaz/querymen/commit/1987fefcb3b7508253a29502a008d5063a873cef,1987fefcb3b7508253a29502a008d5063a873cef,fixCommit
prototype-pollution,rdf-graph-array,0.3.0,CVE-2019-10798,rdf-ext/rdf-graph-array,https://github.com/rdf-ext/rdf-graph-array,,,,npm
prototype-pollution,record-like-deep-assign,1.0.1,CVE-2021-23402,kripod/record-like-deep-assign,https://github.com/kripod/record-like-deep-assign,,,,npm
prototype-pollution,rfc6902,4.0.2,,chbrown/rfc6902,https://github.com/chbrown/rfc6902,5.0.0,,,npm
prototype-pollution,safe-flat,2.0.0,CVE-2021-25927,jessie-codes/safe-flat,https://github.com/jessie-codes/safe-flat,2.0.2,https://github.com/jessie-codes/safe-flat/commit/4b9b7db976bba8c968354f4315f5f9c219b7cbf3,4b9b7db976bba8c968354f4315f5f9c219b7cbf3,fixCommit
prototype-pollution,safe-obj,1.0.0,CVE-2021-25928,tandrewnichols/safe-obj,https://github.com/tandrewnichols/safe-obj,,,,npm
prototype-pollution,safe-object2,1.0.3,CVE-2020-7726,jiameng123/safe-object,https://github.com/jiameng123/safe-object,,,,npm
prototype-pollution,safetydance,2.0.1,CVE-2020-7737,gramakri/safetydance,https://github.com/gramakri/safetydance,,,,
prototype-pollution,sahmat,1.0.0,,indatawetrust/sahmat,https://github.com/indatawetrust/sahmat,,,,npm
prototype-pollution,sds,3.2.0,CVE-2020-7618,monsterkodi/sds,https://github.com/monsterkodi/sds,4.0.0,https://github.com/monsterkodi/sds/commit/a228f025fd1be033088b7abbc0f77118d573f216,a228f025fd1be033088b7abbc0f77118d573f216,fixCommit
prototype-pollution,set-deep-prop,1.0.0,CVE-2021-23373,mmckelvy/set-deep-prop,https://github.com/mmckelvy/set-deep-prop,,,,npm
prototype-pollution,set-getter,0.1.0,CVE-2021-25949,doowb/set-getter,https://github.com/doowb/set-getter,0.1.1,https://github.com/doowb/set-getter/commit/66eb3f0d4686a4a8c7c3d6f7ecd8e570b580edc4,66eb3f0d4686a4a8c7c3d6f7ecd8e570b580edc4,fixCommit
prototype-pollution,set-in,1.0.0,CVE-2020-28273,openappjs/set-in,https://github.com/openappjs/set-in,2.0.1,https://github.com/ahdinosaur/set-in/commit/e431effa00195a6f06b111e09733cd1445a91a88,e431effa00195a6f06b111e09733cd1445a91a88,fixCommit
prototype-pollution,set-object-value,0.0.5,CVE-2020-28281,react-atomic/react-atomic-organism,https://github.com/react-atomic/react-atomic-organism,0.0.6,https://github.com/react-atomic/react-atomic-organism/commit/c8ec63388f7785078cb27275b56ed955ffd3db6c,c8ec63388f7785078cb27275b56ed955ffd3db6c,fixCommit
prototype-pollution,set-or-get,1.2.10,CVE-2021-25913,IonicaBizau/set-or-get.js,https://github.com/IonicaBizau/set-or-get.js,1.2.11,https://github.com/IonicaBizau/set-or-get.js/commit/82ede5cccb2e8d13e4f62599203a4389f6d8e936,82ede5cccb2e8d13e4f62599203a4389f6d8e936,fixCommit
prototype-pollution,set-value,3.0.0,CVE-2021-23440,jonschlinkert/set-value,https://github.com/jonschlinkert/set-value,4.0.1,https://github.com/jonschlinkert/set-value/commit/7cf8073bb06bf0c15e08475f9f952823b4576452,7cf8073bb06bf0c15e08475f9f952823b4576452,fixCommit
prototype-pollution,shvl,2.0.1,,robinvdvleuten/shvl,https://github.com/robinvdvleuten/shvl,2.0.3,https://github.com/robinvdvleuten/shvl/commit/4ed0edfa70f7778556f7b7e9ef1ee5d6d002fce2,4ed0edfa70f7778556f7b7e9ef1ee5d6d002fce2,fixCommit
prototype-pollution,simpl-schema,1.10.0,CVE-2020-7742,aldeed/simpl-schema,https://github.com/aldeed/simpl-schema,1.10.2,,,npm
prototype-pollution,smart-extend,1.7.3,,danielkalen/smart-extend,https://github.com/danielkalen/smart-extend,,,,npm
prototype-pollution,@strikeentco/set,1.0.0,CVE-2020-28267,strikeentco/set,https://github.com/strikeentco/set,1.0.1,https://github.com/strikeentco/set/commit/102cc6b2e1d1e0c928ced87e75df759d5541ff60,102cc6b2e1d1e0c928ced87e75df759d5541ff60,fixCommit
prototype-pollution,style-dictionary,2.10.2,,amzn/style-dictionary,https://github.com/amzn/style-dictionary,2.10.3,,,npm
prototype-pollution,supermixer,1.0.3,CVE-2020-24939,stampit-org/supermixer,https://github.com/stampit-org/supermixer,1.0.5,https://github.com/stampit-org/supermixer/commit/94dcc6fc45e0fed96187cb52aaffadf76dbbc0a3,94dcc6fc45e0fed96187cb52aaffadf76dbbc0a3,fixCommit
prototype-pollution,swiper,6.5.0,CVE-2021-23370,nolimits4web/swiper,https://github.com/nolimits4web/swiper,6.5.1,https://github.com/nolimits4web/swiper/commit/9dad2739b7474f383474773d5ab898a0c29ac178,9dad2739b7474f383474773d5ab898a0c29ac178,fixCommit
prototype-pollution,think-config,1.0.0,,thinkjs/think-config,https://github.com/thinkjs/think-config,1.1.3,https://github.com/thinkjs/think-config/commit/31b82468d72f2e1456a27a4827cea378196db6db,31b82468d72f2e1456a27a4827cea378196db6db,fixCommit
prototype-pollution,think-helper,1.1.0,CVE-2021-32736,thinkjs/think-helper,https://github.com/thinkjs/think-helper,,,,npm
prototype-pollution,tiny-conf,1.1.0,CVE-2020-7724,tiny-conf/tiny-conf,https://github.com/tiny-conf/tiny-conf,,,,npm
prototype-pollution,total.js,3.4.6,CVE-2020-28495,totaljs/framework,https://github.com/totaljs/framework,3.4.7,https://github.com/totaljs/framework/commit/b3f901561d66ab799a4a99279893b94cad7ae4ff,b3f901561d66ab799a4a99279893b94cad7ae4ff,fixCommit
prototype-pollution,tree-kit,0.6.1,CVE-2021-4278,cronvel/tree-kit,https://github.com/cronvel/tree-kit,0.7.0,https://github.com/cronvel/tree-kit/commit/c90d45f4f0e1266867be136670eddeb99b2a32a5,c90d45f4f0e1266867be136670eddeb99b2a32a5,fixCommit
prototype-pollution,ts-dot-prop,1.4.0,,justinlettau/ts-dot-prop,https://github.com/justinlettau/ts-dot-prop,1.4.1,https://github.com/justinlettau/ts-dot-prop/commit/816b887a669ab959c3c2f85c6563d33928f00f14#diff-f41e9d04a45c83f3b6f6e630f10117feR183,816b887a669ab959c3c2f85c6563d33928f00f14,fixCommit
prototype-pollution,@tsed/core,5.62.3,CVE-2020-7748,TypedProject/tsed,https://github.com/TypedProject/tsed,5.65.7,https://github.com/TypedProject/tsed/commit/1395773ddac35926cf058fc6da9fb8e82266761b,1395773ddac35926cf058fc6da9fb8e82266761b,fixCommit
prototype-pollution,typeorm,0.2.24,CVE-2020-8158,typeorm/typeorm,https://github.com/typeorm/typeorm,0.2.25,,,npm
prototype-pollution,@uifabric/utilities,7.20.2,,microsoft/fluentui,https://github.com/microsoft/fluentui,7.20.3,,,npm
prototype-pollution,undefsafe,2.0.2,CVE-2019-10795,remy/undefsafe,https://github.com/remy/undefsafe,2.0.3,https://github.com/remy/undefsafe/commit/f272681b3a50e2c4cbb6a8533795e1453382c822,f272681b3a50e2c4cbb6a8533795e1453382c822,fixCommit
prototype-pollution,upmerge,0.1.7,,jazzfog/UpMerge,https://github.com/jazzfog/UpMerge,0.1.8,,,npm
prototype-pollution,utilitify,1.0.2,CVE-2019-10808,xcritical-software/utilitify,https://github.com/xcritical-software/utilitify,1.0.3,https://github.com/xcritical-software/utilitify/commit/88d6e27009823338bf319ffb768fe6b08e8ad2d1,88d6e27009823338bf319ffb768fe6b08e8ad2d1,fixCommit
prototype-pollution,utils-extend,1.0.8,CVE-2020-8147,douzi8/utils-extend,https://github.com/douzi8/utils-extend,,,,npm
prototype-pollution,vega-util,1.13.0,CVE-2019-10806,vega/vega,https://github.com/vega/vega,1.13.1,,,npm
prototype-pollution,@viking04/merge,1.0.0,CVE-2021-3645,viking04/merge,https://github.com/viking04/merge,1.0.2,https://github.com/viking04/merge/commit/baba40332080b38b33840d2614df6d4142dedaf6,baba40332080b38b33840d2614df6d4142dedaf6,fixCommit
prototype-pollution,worksmith,1.0.0,CVE-2020-7725,guidesmiths/worksmith,https://github.com/guidesmiths/worksmith,,,,npm
prototype-pollution,x-assign,0.1.4,CVE-2021-23452,mvoorberg/x-assign,https://github.com/mvoorberg/x-assign,,,,npm
prototype-pollution,y18n,3.2.1,CVE-2020-7774,yargs/y18n,https://github.com/yargs/y18n,5.0.5,,,npm
prototype-pollution,yargs-parser,6.0.0,CVE-2020-7608,yargs/yargs-parser,https://github.com/yargs/yargs-parser,18.1.1,,,npm
redos,ajv,5.2.2,CVE-2020-15366,epoberezkin/ajv,https://github.com/epoberezkin/ajv,6.12.3,,,npm
redos,amqp-match,0.0.0,,,,,,,
redos,ansi-html,0.0.7,CVE-2021-23424,Tjatse/ansi-html,https://github.com/Tjatse/ansi-html,,,,npm
redos,ansi-regex,4.1.0,CVE-2021-3807,chalk/ansi-regex,https://github.com/chalk/ansi-regex,4.1.1,https://github.com/chalk/ansi-regex/commit/419250fa510bf31b4cc672e76537a64f9332e1f1,419250fa510bf31b4cc672e76537a64f9332e1f1,fixCommit
redos,axios,0.21.0,CVE-2021-3749,axios/axios,https://github.com/axios/axios,0.21.3,https://github.com/axios/axios/commit/5b457116e31db0e88fede6c428e969e87f290929,5b457116e31db0e88fede6c428e969e87f290929,fixCommit
redos,brace-expansion,1.1.6,CVE-2017-18077,juliangruber/brace-expansion,https://github.com/juliangruber/brace-expansion,1.1.7,https://github.com/juliangruber/brace-expansion/pull/35/commits/b13381281cead487cbdbfd6a69fb097ea5e456c3,b13381281cead487cbdbfd6a69fb097ea5e456c3,fixCommit
redos,browserslist,4.16.4,CVE-2021-23364,browserslist/browserslist,https://github.com/browserslist/browserslist,4.16.5,https://github.com/browserslist/browserslist/commit/c091916910dfe0b5fd61caad96083c6709b02d98,c091916910dfe0b5fd61caad96083c6709b02d98,fixCommit
redos,cejs,2.0.20170212,,kanasimi/CeJS,https://github.com/kanasimi/CeJS,2.0.20180219,https://github.com/kanasimi/CeJS/commit/c6a9ffec1152781f268b8d72d80ee4d8fc837986,c6a9ffec1152781f268b8d72d80ee4d8fc837986,fixCommit
redos,charset,1.0.0,CVE-2017-16098,node-modules/charset,https://github.com/node-modules/charset,1.0.1,,,npm
redos,checkit,0.7.0,,tgriesser/checkit,https://github.com/tgriesser/checkit,,https://github.com/tgriesser/checkit/pull/94,,fixCommit
redos,chrono-node,2.2.3,CVE-2021-23371,wanasit/chrono,https://github.com/wanasit/chrono,2.2.4,https://github.com/wanasit/chrono/commit/98815b57622443b5c498a427210ebd603d705f4c,98815b57622443b5c498a427210ebd603d705f4c,fixCommit
redos,clean-css,4.1.10,,jakubpawlowicz/clean-css,https://github.com/jakubpawlowicz/clean-css,4.1.11,https://github.com/jakubpawlowicz/clean-css/commit/2929bafbf8cdf7dccb24e0949c70833764fa87e3,2929bafbf8cdf7dccb24e0949c70833764fa87e3,fixCommit
redos,codemirror,5.58.0,CVE-2020-7760,codemirror/CodeMirror,https://github.com/codemirror/CodeMirror,5.58.2,https://github.com/codemirror/CodeMirror/commit/55d0333907117c9231ffdf555ae8824705993bbb,55d0333907117c9231ffdf555ae8824705993bbb,fixCommit
redos,color-string,1.5.4,CVE-2021-29060,Qix-/color-string,https://github.com/Qix-/color-string,1.5.5,https://github.com/Qix-/color-string/commit/0789e21284c33d89ebc4ab4ca6f759b9375ac9d3,0789e21284c33d89ebc4ab4ca6f759b9375ac9d3,fixCommit
redos,colors-cli,1.0.25,,jaywcjlove/colors-cli,https://github.com/jaywcjlove/colors-cli,1.0.28,https://github.com/jaywcjlove/colors-cli/commit/78ee15ba9111ddee1cc0640ccd79369525bd57b8,78ee15ba9111ddee1cc0640ccd79369525bd57b8,fixCommit
redos,content-type-parser,1.0.1,,jsdom/content-type-parser,https://github.com/jsdom/content-type-parser,,https://github.com/jsdom/whatwg-mimetype/commit/26c539a699778f8743b8319c298b5fb28a4328d0,26c539a699778f8743b8319c298b5fb28a4328d0,fixCommit
redos,content,3.0.5,,hapijs/content,https://github.com/hapijs/content,4.0.4,https://github.com/hapijs/content/commit/96beb34f7c38a08d024dbf9cd63865c56e2955d9,96beb34f7c38a08d024dbf9cd63865c56e2955d9,fixCommit
redos,conventional-commits-parser,3.2.0,,conventional-changelog/conventional-changelog,https://github.com/conventional-changelog/conventional-changelog,3.2.3,https://github.com/conventional-changelog/conventional-changelog/commit/c696fa35f93e0ee13728d6cf1221587ac6386311,c696fa35f93e0ee13728d6cf1221587ac6386311,fixCommit
redos,d3-color,2.0.0,,d3/d3-color,https://github.com/d3/d3-color,,https://github.com/d3/d3-color/commit/4c2be7e59a317d0af7c3d66e44fa888f02163a59,4c2be7e59a317d0af7c3d66e44fa888f02163a59,fixCommit
redos,date-and-time,0.14.1,CVE-2020-26289,knowledgecode/date-and-time,https://github.com/knowledgecode/date-and-time,0.14.2,https://github.com/knowledgecode/date-and-time/commit/9e4b501eacddccc8b1f559fb414f48472ee17c2a,9e4b501eacddccc8b1f559fb414f48472ee17c2a,fixCommit
redos,dirty-json,0.4.0,,RyanMarcus/dirty-json,https://github.com/RyanMarcus/dirty-json,0.5.2,https://github.com/RyanMarcus/dirty-json/commit/0b9c15e26699538a11e08e0f168af558392dadbe,0b9c15e26699538a11e08e0f168af558392dadbe,fixCommit
redos,ducktype,1.2.0,,josdejong/ducktype,https://github.com/josdejong/ducktype,1.2.1,https://github.com/josdejong/ducktype/commit/d8b4c902598c9104d5c56225c3fffcbe1368eff6,d8b4c902598c9104d5c56225c3fffcbe1368eff6,fixCommit
redos,email-existence,0.1.5,,nmanousos/email-existence,https://github.com/nmanousos/email-existence,0.1.6,https://github.com/nmanousos/email-existence/commit/0029ba71b6ad0d8ec0baa2ecc6256d038bdd9b56,0029ba71b6ad0d8ec0baa2ecc6256d038bdd9b56,fixCommit
redos,ethers,5.2.0,,ethers-io/ethers.js,https://github.com/ethers-io/ethers.js,5.4.7,https://github.com/ethers-io/ethers.js/commit/32a6b2a362815eb85ce3f3abad5adf92f2b80e10,32a6b2a362815eb85ce3f3abad5adf92f2b80e10,fixCommit
redos,express-validators,1.0.3,CVE-2020-7767,scopdrag/express-validators,https://github.com/scopdrag/express-validators,,,,npm
redos,fast-csv,4.3.5,CVE-2020-26256,C2FO/fast-csv,https://github.com/C2FO/fast-csv,4.3.6,https://github.com/C2FO/fast-csv/commit/4bbd39f26a8cd7382151ab4f5fb102234b2f829e,4bbd39f26a8cd7382151ab4f5fb102234b2f829e,fixCommit
redos,forwarded,0.1.0,CVE-2017-16118,jshttp/forwarded,https://github.com/jshttp/forwarded,0.1.2,https://github.com/jshttp/forwarded/commit/d469116eda4931fbe1c0ccb29497b35930bfa328,d469116eda4931fbe1c0ccb29497b35930bfa328,fixCommit
redos,fresh,0.5.0,CVE-2017-16119,jshttp/fresh,https://github.com/jshttp/fresh,0.5.2,https://github.com/jshttp/fresh/commit/21a0f0c2a5f447e0d40bc16be0c23fa98a7b46ec,21a0f0c2a5f447e0d40bc16be0c23fa98a7b46ec,fixCommit
redos,github-url-to-object,4.0.2,,zeke/github-url-to-object,https://github.com/zeke/github-url-to-object,4.0.4,,,npm
redos,glob-parent,5.0.0,CVE-2021-35065,gulpjs/glob-parent,https://github.com/gulpjs/glob-parent,6.0.1,https://github.com/gulpjs/glob-parent/commit/3e9f04a3b4349db7e1962d87c9a7398cda51f339,3e9f04a3b4349db7e1962d87c9a7398cda51f339,fixCommit
redos,highlight.js,10.4.0,,highlightjs/highlight.js,https://github.com/highlightjs/highlight.js,10.4.1,https://github.com/highlightjs/highlight.js/commit/373b9d862401162e832ce77305e49b859e110f9c,373b9d862401162e832ce77305e49b859e110f9c,fixCommit
redos,hosted-git-info,3.0.0,CVE-2021-23362,npm/hosted-git-info,https://github.com/npm/hosted-git-info,3.0.8,https://github.com/npm/hosted-git-info/commit/bede0dc38e1785e732bf0a48ba6f81a4a908eba3,bede0dc38e1785e732bf0a48ba6f81a4a908eba3,fixCommit
redos,html-dom-parser,0.1.2,,remarkablemark/html-dom-parser,https://github.com/remarkablemark/html-dom-parser,0.1.3,https://github.com/remarkablemark/html-dom-parser/commit/b80d699bbbd45d254379e6916152c918998e3b10,b80d699bbbd45d254379e6916152c918998e3b10,fixCommit
redos,html-parse-stringify2,2.0.1,CVE-2021-23346,rayd/html-parse-stringify2,https://github.com/rayd/html-parse-stringify2,,https://github.com/HenrikJoreteg/html-parse-stringify/commit/c7274a48e59c92b2b7e906fedf9065159e73fe12,c7274a48e59c92b2b7e906fedf9065159e73fe12,fixCommit
redos,html-parse-stringify,2.0.0,CVE-2021-23346,HenrikJoreteg/html-parse-stringify,https://github.com/HenrikJoreteg/html-parse-stringify,2.0.1,https://github.com/HenrikJoreteg/html-parse-stringify/commit/c7274a48e59c92b2b7e906fedf9065159e73fe12,c7274a48e59c92b2b7e906fedf9065159e73fe12,fixCommit
redos,htmlparser,1.7.7,,tautologistics/node-htmlparser,https://github.com/tautologistics/node-htmlparser,,,,npm
redos,is-email,1.0.0,CVE-2021-36716,segmentio/is-email,https://github.com/segmentio/is-email,1.0.1,https://github.com/segmentio/is-email/commit/060ecedf345729f11ad857ccaf7a915ff6797739,060ecedf345729f11ad857ccaf7a915ff6797739,fixCommit
redos,is-my-json-valid,2.20.1,,mafintosh/is-my-json-valid,https://github.com/mafintosh/is-my-json-valid,2.20.2,https://github.com/mafintosh/is-my-json-valid/commit/c3fc04fc455d40e9b29537f8e2c73a28ce106edb,c3fc04fc455d40e9b29537f8e2c73a28ce106edb,fixCommit
redos,is-svg,4.2.2,CVE-2021-23367,sindresorhus/is-svg,https://github.com/sindresorhus/is-svg,4.3.0,https://github.com/sindresorhus/is-svg/commit/732fc72779840c45a30817d3fe28e12058592b02,732fc72779840c45a30817d3fe28e12058592b02,fixCommit
redos,is-url,1.2.2,,segmentio/is-url,https://github.com/segmentio/is-url,1.2.4,,,npm
redos,jspdf,2.1.1,CVE-2021-23353,MrRio/jsPDF,https://github.com/MrRio/jsPDF,2.3.1,https://github.com/MrRio/jsPDF/commit/d8bb3b39efcd129994f7a3b01b632164144ec43e,d8bb3b39efcd129994f7a3b01b632164144ec43e,fixCommit
redos,locutus,2.0.10,CVE-2021-23392,kvz/locutus,https://github.com/kvz/locutus,2.0.15,https://github.com/locutusjs/locutus/commit/eb863321990e7e5514aa14f68b8d9978ece9e65e,eb863321990e7e5514aa14f68b8d9978ece9e65e,fixCommit
redos,lodash,4.17.4,CVE-2020-28500,lodash/lodash,https://github.com/lodash/lodash,4.17.21,https://github.com/lodash/lodash/commit/c4847ebe7d14540bb28a8b932a9ce1b9ecbfee1a,c4847ebe7d14540bb28a8b932a9ce1b9ecbfee1a,fixCommit
redos,markdown-it,9.1.0,CVE-2022-21670,markdown-it/markdown-it,https://github.com/markdown-it/markdown-it,12.3.2,https://github.com/markdown-it/markdown-it/commit/ffc49ab46b5b751cd2be0aabb146f2ef84986101,ffc49ab46b5b751cd2be0aabb146f2ef84986101,fixCommit
redos,markdown-to-jsx,5.4.2,,probablyup/markdown-to-jsx,https://github.com/probablyup/markdown-to-jsx,,,,npm
redos,markdown,0.3.0,,evilstreak/markdown-js,https://github.com/evilstreak/markdown-js,,,,npm
redos,marked,0.3.6,CVE-2021-21306,chjj/marked,https://github.com/chjj/marked,2.0.0,https://github.com/markedjs/marked/commit/7293251c438e3ee968970f7609f1a27f9007bccd,7293251c438e3ee968970f7609f1a27f9007bccd,fixCommit
redos,method-override,2.0.0,CVE-2017-16136,expressjs/method-override,https://github.com/expressjs/method-override,2.3.10,https://github.com/expressjs/method-override/commit/4c58835a61fdf7a8e070d6f8ecd5379a961d0987,4c58835a61fdf7a8e070d6f8ecd5379a961d0987,fixCommit
redos,millisecond,0.1.1,CVE-2015-8315,unshiftio/millisecond,https://github.com/unshiftio/millisecond,0.1.2,,,npm
redos,mime,1.4.0,CVE-2017-16138,broofa/node-mime,https://github.com/broofa/node-mime,2.0.3,https://github.com/broofa/node-mime/commit/1df903fdeb9ae7eaa048795b8d580ce2c98f40b0,1df903fdeb9ae7eaa048795b8d580ce2c98f40b0,fixCommit
redos,minimatch,3.0.0,,isaacs/minimatch,https://github.com/isaacs/minimatch,3.0.2,https://github.com/isaacs/minimatch/commit/6944abf9e0694bd22fd9dad293faa40c2bc8a955,6944abf9e0694bd22fd9dad293faa40c2bc8a955,fixCommit
redos,mobile-detect,1.3.6,,hgoebl/mobile-detect.js,https://github.com/hgoebl/mobile-detect.js,1.4.0,https://github.com/hgoebl/mobile-detect.js/commit/7222f6e75cf8cd90e1dc53e445716203eaf79d8a,7222f6e75cf8cd90e1dc53e445716203eaf79d8a,fixCommit
redos,moment,2.18.1,CVE-2017-18214,moment/moment,https://github.com/moment/moment,2.19.3,,,npm
redos,ms,0.7.0,CVE-2015-8315,vercel/ms,https://github.com/vercel/ms,0.7.1,https://github.com/vercel/ms/commit/48701f029417faf65e6f5e0b61a3cebe5436b07b,48701f029417faf65e6f5e0b61a3cebe5436b07b,fixCommit
redos,natural,5.1.0,,NaturalNode/natural,https://github.com/NaturalNode/natural,5.1.11,https://github.com/NaturalNode/natural/commit/90e85afb20e76560bc555d83abad3bc919388381,90e85afb20e76560bc555d83abad3bc919388381,fixCommit
redos,no-case,2.3.1,CVE-2017-16099,blakeembrey/no-case,https://github.com/blakeembrey/no-case,2.3.2,,,npm
redos,normalize-url,6.0.0,CVE-2021-33502,sindresorhus/normalize-url,https://github.com/sindresorhus/normalize-url,6.0.1,https://github.com/sindresorhus/normalize-url/commit/b1fdb5120b6d27a88400d8800e67ff5a22bd2103,b1fdb5120b6d27a88400d8800e67ff5a22bd2103,fixCommit
redos,npm-user-validate,1.0.0,CVE-2020-7754,npm/npm-user-validate,https://github.com/npm/npm-user-validate,1.0.1,https://github.com/npm/npm-user-validate/commit/c8a87dac1a4cc6988b5418f30411a8669bef204e,c8a87dac1a4cc6988b5418f30411a8669bef204e,fixCommit
redos,nth-check,2.0.0,CVE-2021-3803,fb55/nth-check,https://github.com/fb55/nth-check,2.0.1,https://github.com/fb55/nth-check/commit/9894c1d2010870c351f66c6f6efcf656e26bb726,9894c1d2010870c351f66c6f6efcf656e26bb726,fixCommit
redos,papaparse,5.1.1,,mholt/PapaParse,https://github.com/mholt/PapaParse,5.2.0,https://github.com/mholt/PapaParse/commit/235a12758cd77266d2e98fd715f53536b34ad621,235a12758cd77266d2e98fd715f53536b34ad621,fixCommit
redos,parsejson,0.0.3,CVE-2017-16113,get/parsejson,https://github.com/get/parsejson,,,,npm
redos,path-parse,1.0.6,CVE-2021-23343,jbgutierrez/path-parse,https://github.com/jbgutierrez/path-parse,1.0.7,,,npm
redos,platform,1.3.4,,bestiejs/platform.js,https://github.com/bestiejs/platform.js,,,,npm
redos,postcss,8.0.0,CVE-2021-23382,postcss/postcss,https://github.com/postcss/postcss,8.2.13,https://github.com/postcss/postcss/commit/2b1d04c867995e55124e0a165b7c6622c1735956,2b1d04c867995e55124e0a165b7c6622c1735956,fixCommit
redos,printf,0.6.0,CVE-2021-23354,adaltas/node-printf,https://github.com/adaltas/node-printf,0.6.1,,,npm
redos,prompts,2.4.0,CVE-2021-3868,terkelg/prompts,https://github.com/terkelg/prompts,2.4.2,,,npm
redos,prototype,0.0.5,CVE-2020-27511,rixius/prototype.node.js,https://github.com/rixius/prototype.node.js,,,,links
redos,ramda,0.27.1,,ramda/ramda,https://github.com/ramda/ramda,0.27.2,https://github.com/ramda/ramda/commit/37af6ae2ca8b94656996dd27fb0a1f208d69134e,37af6ae2ca8b94656996dd27fb0a1f208d69134e,fixCommit
redos,react-native,0.63.0-rc.0,CVE-2020-1920,facebook/react-native,https://github.com/facebook/react-native,0.64.1,https://github.com/facebook/react-native/commit/ca09ae82715e33c9ac77b3fa55495cf84ba891c7,ca09ae82715e33c9ac77b3fa55495cf84ba891c7,fixCommit
redos,remarkable,1.7.2,CVE-2019-12041,jonschlinkert/remarkable,https://github.com/jonschlinkert/remarkable,1.7.3,https://github.com/jonschlinkert/remarkable/pull/335/commits/b8bb2c0987f06d2b34e882159249f1538c6dc380,b8bb2c0987f06d2b34e882159249f1538c6dc380,fixCommit
redos,remove-markdown,0.3.0,,stiang/remove-markdown,https://github.com/stiang/remove-markdown,,,,npm
redos,revalidator,0.3.1,,flatiron/revalidator,https://github.com/flatiron/revalidator,,,,npm
redos,rgb2hex,0.1.0,,christian-bromann/rgb2hex,https://github.com/christian-bromann/rgb2hex,0.1.6,,,npm
redos,sanitize,2.0.0,,pocketly/node-sanitize,https://github.com/pocketly/node-sanitize,2.1.0,https://github.com/pocketly/node-sanitize/commit/4fd57530367ea9f2570b1e57d1a1a32e7f5d644f#diff-bd042f5439b55acdcce363c79e2f55d6R148,4fd57530367ea9f2570b1e57d1a1a32e7f5d644f,fixCommit
redos,semver-regex,3.1.1,CVE-2021-3795,sindresorhus/semver-regex,https://github.com/sindresorhus/semver-regex,3.1.3,https://github.com/sindresorhus/semver-regex/commit/11c66245f4e1976dccc52977ed183696a21a3fd7,11c66245f4e1976dccc52977ed183696a21a3fd7,fixCommit
redos,simple-markdown,0.7.2,,Khan/simple-markdown,https://github.com/Khan/simple-markdown,0.7.3,,,fixCommit
redos,slug,0.9.1,CVE-2017-16117,dodo/node-slug,https://github.com/dodo/node-slug,0.9.2,https://github.com/zhuangya/node-slug/commit/e82fccc6b3d850227560db659b17df0e242ae51b,e82fccc6b3d850227560db659b17df0e242ae51b,fixCommit
redos,sshpk,1.13.1,CVE-2018-3737,arekinath/node-sshpk,https://github.com/arekinath/node-sshpk,1.14.1,,,npm
redos,ssri,8.0.0,CVE-2021-27290,npm/ssri,https://github.com/npm/ssri,8.0.1,https://github.com/npm/ssri/commit/76e223317d971f19e4db8191865bdad5edee40d2,76e223317d971f19e4db8191865bdad5edee40d2,fixCommit
redos,string,3.3.3,CVE-2017-16116,jprichardson/string.js,https://github.com/jprichardson/string.js,,,,npm
redos,terminal-kit,2.1.0,,cronvel/terminal-kit,https://github.com/cronvel/terminal-kit,2.1.8,https://github.com/cronvel/terminal-kit/commit/a2e446cc3927b559d0281683feb9b821e83b758c,a2e446cc3927b559d0281683feb9b821e83b758c,fixCommit
redos,three,0.122.0,CVE-2020-28496,mrdoob/three.js,https://github.com/mrdoob/three.js,0.125.0,https://github.com/mrdoob/three.js/pull/21143/commits/4a582355216b620176a291ff319d740e619d583e,4a582355216b620176a291ff319d740e619d583e,fixCommit
redos,timespan,2.3.0,CVE-2017-16115,indexzero/TimeSpan.js,https://github.com/indexzero/TimeSpan.js,,,,npm
redos,tmpl,1.0.0,CVE-2021-3777,nshah/nodejs-tmpl,https://github.com/nshah/nodejs-tmpl,1.0.5,https://github.com/daaku/nodejs-tmpl/commit/4c654e4d1542f329ed561fd95ccd80f30c6872d6,4c654e4d1542f329ed561fd95ccd80f30c6872d6,fixCommit
redos,tough-cookie,2.3.2,CVE-2017-15010,salesforce/tough-cookie,https://github.com/salesforce/tough-cookie,2.3.3,,,npm
redos,trim-off-newlines,1.0.0,CVE-2021-23425,stevemao/trim-off-newlines,https://github.com/stevemao/trim-off-newlines,1.0.3,https://github.com/stevemao/trim-off-newlines/commit/6226c958cbbac284a840010eb1f6617fb99a5645,6226c958cbbac284a840010eb1f6617fb99a5645,fixCommit
redos,trim,0.0.1,CVE-2020-7753,Trott/trim,https://github.com/Trott/trim,0.0.3,,,npm
redos,truncate,2.0.0,,FGRibreau/node-truncate,https://github.com/FGRibreau/node-truncate,2.0.1,https://github.com/FGRibreau/node-truncate/commit/a3cea056427b2dfbbffebf24a95419b09db23b22,a3cea056427b2dfbbffebf24a95419b09db23b22,fixCommit
redos,ua-parser-js,0.7.22,CVE-2021-27292,faisalman/ua-parser-js,https://github.com/faisalman/ua-parser-js,0.7.24,https://github.com/faisalman/ua-parser-js/commit/809439e20e273ce0d25c1d04e111dcf6011eb566,809439e20e273ce0d25c1d04e111dcf6011eb566,fixCommit
redos,underscore.string,3.3.4,,epeli/underscore.string,https://github.com/epeli/underscore.string,3.3.6,,,npm
redos,uri-js,2.1.1,CVE-2017-16021,garycourt/uri-js,https://github.com/garycourt/uri-js,3.0.0,,,npm
redos,url-regex,5.0.0,CVE-2020-7661,kevva/url-regex,https://github.com/kevva/url-regex,,,,npm
redos,urlregex,0.5.0,CVE-2020-7661,nescalante/urlregex,https://github.com/nescalante/urlregex,,,,npm
redos,valid-email,0.0.1,,johnhenry/valid-email,https://github.com/johnhenry/valid-email,1.0.0,https://github.com/johnhenry/valid-email/commit/624ffa60b42bed8c577a679d682dda286b4603e6,624ffa60b42bed8c577a679d682dda286b4603e6,fixCommit
redos,validator,13.5.2,,chriso/validator.js,https://github.com/chriso/validator.js,13.6.0,https://github.com/tux-tn/validator.js/commit/b21879cf45c05ee11b2d79e612b651bf7b2d93b7#diff-f41087599986e29c3c0dc15b62f1bf96d8aba16fe41f3730e315c84c2c4cb311,b21879cf45c05ee11b2d79e612b651bf7b2d93b7,fixCommit
redos,vant,2.12.11,,youzan/vant,https://github.com/youzan/vant,3.0.7,,,npm
redos,ws,7.0.0,CVE-2021-32640,websockets/ws,https://github.com/websockets/ws,7.4.6,https://github.com/websockets/ws/commit/00c425ec77993773d823f018f64a5c44e17023ff,00c425ec77993773d823f018f64a5c44e17023ff,fixCommit
command-injection,aaptjs,1.3.1,CVE-2020-26707,shenzhim/aaptjs,https://github.com/shenzhim/aaptjs,,,,npm
command-injection,adb-driver,0.1.8,CVE-2020-7636,,,,,,
command-injection,alfred-workflow-nodejs,2.0.1,CVE-2018-16462,giangvo/alfred-workflow-nodejs,https://github.com/giangvo/alfred-workflow-nodejs,,,,fixCommit
command-injection,apex-publish-static-files,2.0.0,CVE-2018-16462,vincentmorneau/apex-publish-static-files,https://github.com/vincentmorneau/apex-publish-static-files,2.0.1,https://github.com/vincentmorneau/apex-publish-static-files/commit/2209af8f2b65c24aa55ab757e0e05b958c16f063,2209af8f2b65c24aa55ab757e0e05b958c16f063,fixCommit
command-injection,apiconnect-cli-plugins,6.0.2,CVE-2020-7633,,,,,,
command-injection,arpping,2.0.0,,haf-decent/arpping,https://github.com/haf-decent/arpping,3.0.0,https://github.com/haf-decent/arpping/commit/0db06723f8c3c73a5cc0829c667d45cba25ca44d,0db06723f8c3c73a5cc0829c667d45cba25ca44d,fixCommit
command-injection,async-git,1.13.1,CVE-2020-28490,omrilotan/async-git,https://github.com/omrilotan/async-git,1.13.2,https://github.com/omrilotan/async-git/commit/d1950a5021f4e19d92f347614be0d85ce991510d,d1950a5021f4e19d92f347614be0d85ce991510d,fixCommit
command-injection,bestzip,2.1.6,CVE-2020-7730,nfriedly/node-bestzip,https://github.com/nfriedly/node-bestzip,2.1.7,https://github.com/nfriedly/node-bestzip/commit/45d4a901478c6a8f396c8b959dd6cf8fd3f955b6,45d4a901478c6a8f396c8b959dd6cf8fd3f955b6,fixCommit
command-injection,blamer,0.1.13,CVE-2019-10807,kucherenko/blamer,https://github.com/kucherenko/blamer,1.0.1,https://github.com/kucherenko/blamer/commit/5fada8c9b6986ecd28942b724fa682e77ce1e11c,5fada8c9b6986ecd28942b724fa682e77ce1e11c,fixCommit
command-injection,buns,1.1.6,CVE-2020-7794,,,,,,
command-injection,clamscan,1.2.0,CVE-2020-7613,kylefarris/clamscan,https://github.com/kylefarris/clamscan,1.3.0,https://github.com/kylefarris/clamscan/commit/5f557c970817fe8c578ec3f7ad3bcbcef4cf5538,5f557c970817fe8c578ec3f7ad3bcbcef4cf5538,fixCommit
command-injection,codecov,3.6.4,CVE-2020-15123,codecov/codecov-node,https://github.com/codecov/codecov-node,3.7.1,https://github.com/codecov/codecov-node/commit/c0711c656686e902af2cd92d6aecc8074de4d83d,c0711c656686e902af2cd92d6aecc8074de4d83d,fixCommit
command-injection,command-exists,1.2.2,CVE-2019-10776,mathisonian/command-exists,https://github.com/mathisonian/command-exists,1.2.4,,,fixCommit
command-injection,compass-compile,0.0.1,CVE-2020-7635,quaertym/compass-compile,https://github.com/quaertym/compass-compile,,,,npm
command-injection,connection-tester,0.2.0,CVE-2020-7781,skoranga/node-connection-tester,https://github.com/skoranga/node-connection-tester,0.2.1,,,npm
command-injection,corenlp-js-interface,1.0.3,CVE-2020-28440,,,,,,
command-injection,corenlp-js-prefab,1.0.1,CVE-2020-28439,,,,,,
command-injection,curling,0.2.0,CVE-2019-10789,hgarcia/curling,https://github.com/hgarcia/curling,1.1.0,,,npm
command-injection,curljs,0.1.2,CVE-2020-28425,jcrowe206/curljs,https://github.com/jcrowe206/curljs,,,,npm
command-injection,deferred-exec,0.3.1,CVE-2020-28438,danheberden/deferred-exec,https://github.com/danheberden/deferred-exec,,,,npm
command-injection,diskstats,0.0.2,CVE-2018-16462,PhilipSkinner/diskstats,https://github.com/PhilipSkinner/diskstats,0.1.0,https://github.com/PhilipSkinner/diskstats/commit/a6b2dc82206891bb17c53a7610a59b6dc7b78a50,a6b2dc82206891bb17c53a7610a59b6dc7b78a50,fixCommit
command-injection,diskusage-ng,0.2.6,CVE-2020-7631,iximiuz/node-diskusage-ng,https://github.com/iximiuz/node-diskusage-ng,1.0.0,https://github.com/iximiuz/node-diskusage-ng/commit/48e7e093486b528f0c81ec699573e0e4a431b8d3#diff-38182cfe286a150ebcc88df0ec57ed66,48e7e093486b528f0c81ec699573e0e4a431b8d3,fixCommit
command-injection,dns-sync,0.1.0,CVE-2014-9682,skoranga/node-dns-sync,https://github.com/skoranga/node-dns-sync,0.1.3,https://github.com/skoranga/node-dns-sync/commit/d9abaae384b198db1095735ad9c1c73d7b890a0d,d9abaae384b198db1095735ad9c1c73d7b890a0d,fixCommit
command-injection,effect,1.0.4,CVE-2020-7624,Effect-TS/effect,https://github.com/Effect-TS/effect,,,,npm
command-injection,enpeem,2.2.0,CVE-2019-10801,mikermcneil/enpeem,https://github.com/mikermcneil/enpeem,,,,npm
command-injection,eslint-fixer,0.1.5,CVE-2021-26275,ozum/eslint-fixer,https://github.com/ozum/eslint-fixer,,,,npm
command-injection,extra-asciinema,1.0.0,,nodef/extra-asciinema,https://github.com/nodef/extra-asciinema,1.0.23,https://github.com/nodef/extra-asciinema/commit/fd1a8a38d6c72e1eb573b2ab03d5e86de8047480,fd1a8a38d6c72e1eb573b2ab03d5e86de8047480,fixCommit
command-injection,ffmpeg-sdk,0.0.5,CVE-2020-28435,shajanjp/ffmpeg-sdk,https://github.com/shajanjp/ffmpeg-sdk,,,,npm
command-injection,ffmpegdotjs,0.0.4,CVE-2021-23376,TRomesh/ffmpegdotjs,https://github.com/TRomesh/ffmpegdotjs,,,,npm
command-injection,find-process,1.4.4,CVE-2019-10788,yibn2008/find-process,https://github.com/yibn2008/find-process,,,,fixCommit
command-injection,freespace,1.0.4,,ptelad/freespace,https://github.com/ptelad/freespace,,,,npm
command-injection,geojson2kml,0.1.1,CVE-2020-28429,morganherlocker/geojson2kml,https://github.com/morganherlocker/geojson2kml,,,,npm
command-injection,get-npm-package-version,1.0.6,CVE-2020-7795,hoperyy/get-npm-package-version,https://github.com/hoperyy/get-npm-package-version,1.0.7,https://github.com/hoperyy/get-npm-package-version/commit/40b1cf31a0607ea66f9e30a0c3af1383b52b2dec,40b1cf31a0607ea66f9e30a0c3af1383b52b2dec,fixCommit
command-injection,git-add-remote,1.0.0,CVE-2020-7630,jonschlinkert/git-add-remote,https://github.com/jonschlinkert/git-add-remote,,,,npm
command-injection,git-dummy-commit,1.3.0,CVE-2018-3785,stevemao/git-dummy-commit,https://github.com/stevemao/git-dummy-commit,,,,npm
command-injection,git-lib,1.6.0,,joeyism/node-git-lib,https://github.com/joeyism/node-git-lib,,,,npm
command-injection,git-parse,1.0.4,CVE-2021-26543,wayfair/git-parse,https://github.com/wayfair/git-parse,1.0.5,,,npm
command-injection,git-tags-remote,1.0.2,CVE-2020-7636,sh0ji/git-tags-remote,https://github.com/sh0ji/git-tags-remote,,,,npm
command-injection,git,0.1.5,CVE-2021-23632,christkv/node-git,https://github.com/christkv/node-git,,,,npm
command-injection,gitblame,0.1.1,CVE-2020-28434,xjamundx/gitblame,https://github.com/xjamundx/gitblame,,,,npm
command-injection,giting,0.0.7,CVE-2019-10802,MangoRaft/git,https://github.com/MangoRaft/git,0.0.8,https://github.com/MangoRaft/git/commit/9be41081f547d3dcef25e7d7c957bc2a3be2dfe0,9be41081f547d3dcef25e7d7c957bc2a3be2dfe0,fixCommit
command-injection,gity,1.0.5,,mk0y/gity,https://github.com/mk0y/gity,,,,npm
command-injection,gm,1.20.0,CVE-2015-7982,aheckmann/gm,https://github.com/aheckmann/gm,1.21.1,,,npm
command-injection,google-cloudstorage-commands,0.0.1,CVE-2020-28436,samradical/google-cloudstorage-commands,https://github.com/samradical/google-cloudstorage-commands,,,,npm
command-injection,growl,1.9.0,CVE-2017-16042,visionmedia/node-growl,https://github.com/visionmedia/node-growl,1.10.0,https://github.com/tj/node-growl/commit/d71177d5331c9de4658aca62e0ac921f178b0669,d71177d5331c9de4658aca62e0ac921f178b0669,fixCommit
command-injection,gry,5.0.8,,IonicaBizau/node-gry,https://github.com/IonicaBizau/node-gry,6.0.0,,,npm
command-injection,heroku-env,0.2.0,CVE-2020-28437,brianc/node-heroku-env,https://github.com/brianc/node-heroku-env,,,,npm
command-injection,hot-formula-parser,3.0.0,CVE-2020-6836,handsontable/formula-parser,https://github.com/handsontable/formula-parser,3.0.1,https://github.com/handsontable/formula-parser/commit/396b089738d4bf30eb570a4fe6a188affa95cd5e,396b089738d4bf30eb570a4fe6a188affa95cd5e,fixCommit
command-injection,im-metadata,3.0.1,CVE-2019-10788,Turistforeningen/node-im-metadata,https://github.com/Turistforeningen/node-im-metadata,,https://github.com/Turistforeningen/node-im-metadata/commit/ea15dddbe0f65694bfde36b78dd488e90f246639,ea15dddbe0f65694bfde36b78dd488e90f246639,fixCommit
command-injection,im-resize,2.3.2,CVE-2019-10787,Turistforeningen/node-im-resize,https://github.com/Turistforeningen/node-im-resize,,https://github.com/Turistforeningen/node-im-resize/commit/de624dacf6a50e39fe3472af1414d44937ce1f03,de624dacf6a50e39fe3472af1414d44937ce1f03,fixCommit
command-injection,imagickal,5.0.1,,martinj/node-imagickal,https://github.com/martinj/node-imagickal,,,,npm
command-injection,install-package,0.4.17,CVE-2020-8178,1000ch/install-package,https://github.com/1000ch/install-package,,,,npm
command-injection,kill-by-port,0.0.1,CVE-2021-23363,GuyMograbi/kill-by-port,https://github.com/GuyMograbi/kill-by-port,0.0.2,https://github.com/GuyMograbi/kill-by-port/commit/ea5b1f377e196a4492e05ff070eba8b30b7372c4,ea5b1f377e196a4492e05ff070eba8b30b7372c4,fixCommit
command-injection,kill-port-process,0.0.1,CVE-2019-15609,hilleer/kill-port-process,https://github.com/hilleer/kill-port-process,2.2.0,,,npm
command-injection,kill-process-by-name,1.0.5,CVE-2021-23356,,,,,,
command-injection,killing,1.0.6,CVE-2021-23381,xudafeng/killing,https://github.com/xudafeng/killing,,,,npm
command-injection,killport,1.0.1,CVE-2021-23360,ssnau/killport,https://github.com/ssnau/killport,1.0.2,https://github.com/ssnau/killport/commit/bec8e371f170a12e11cd222ffc7a6e1ae9942638,bec8e371f170a12e11cd222ffc7a6e1ae9942638,fixCommit
command-injection,libnmap,0.4.11,CVE-2018-16461,jas-/node-libnmap,https://github.com/jas-/node-libnmap,0.4.16,https://github.com/jas-/node-libnmap/commit/c235b24b0342e12a5dbf502f89daabe95883b6c8,c235b24b0342e12a5dbf502f89daabe95883b6c8,fixCommit
command-injection,local-devices,2.0.0,,DylanPiercey/local-devices,https://github.com/DylanPiercey/local-devices,3.0.0,,,npm
command-injection,lsof,0.1.0,CVE-2019-10783,davglass/node-lsof,https://github.com/davglass/node-lsof,,,,npm
command-injection,lycwed-spritesheetjs,1.2.5,CVE-2021-23377,lycwed/lycwed-spritesheetjs,https://github.com/lycwed/lycwed-spritesheetjs,,,,npm
command-injection,macaddress,0.2.8,CVE-2018-13797,scravy/node-macaddress,https://github.com/scravy/node-macaddress,0.2.9,https://github.com/scravy/node-macaddress/commit/358fd594adb196a86b94ac9c691f69fe5dad2332,358fd594adb196a86b94ac9c691f69fe5dad2332,fixCommit
command-injection,macfromip,1.1.1,CVE-2020-7786,bcamarneiro/macfromip,https://github.com/bcamarneiro/macfromip,,https://github.com/bcamarneiro/macfromip/commit/1bbed8cd6f8299ad2e9d028e0ed0771340ab8391,1bbed8cd6f8299ad2e9d028e0ed0771340ab8391,fixCommit
command-injection,monorepo-build,0.1.9,CVE-2020-28423,,,,,,
command-injection,node-df,0.1.4,CVE-2019-15597,adriano-di-giovanni/node-df,https://github.com/adriano-di-giovanni/node-df,,,,npm
command-injection,node-key-sender,1.0.11,CVE-2020-7627,garimpeiro-it/node-key-sender,https://github.com/garimpeiro-it/node-key-sender,,,,npm
command-injection,node-latex-pdf,0.0.2,CVE-2020-28433,toolbuddy/node-latex-pdf,https://github.com/toolbuddy/node-latex-pdf,,,,npm
command-injection,node-mpv,0.12.2,CVE-2020-7632,00SteinsGate00/Node-MPV,https://github.com/00SteinsGate00/Node-MPV,,,,npm
command-injection,node-ps,0.0.2,CVE-2020-7785,fortruce/node-ps,https://github.com/fortruce/node-ps,,,,npm
command-injection,node-unrar,0.1.0,,scopsy/node-unrar,https://github.com/scopsy/node-unrar,,,,npm
command-injection,npm-git-publish,0.2.4-beta,,theoy/npm-git-publish,https://github.com/theoy/npm-git-publish,,,,npm
command-injection,npm-help,1.0.0,CVE-2020-28445,playmanme/npm-helper,https://github.com/playmanme/npm-helper,,,,npm
command-injection,onion-oled-js,0.0.2,CVE-2021-23377,naddeoa/onion-oled-js,https://github.com/naddeoa/onion-oled-js,,,,npm
command-injection,open,0.0.5,,pwnall/node-open,https://github.com/pwnall/node-open,6.0.0,,,npm
command-injection,pdf-image,1.0.5,CVE-2018-3757,mooz/node-pdf-image,https://github.com/mooz/node-pdf-image,,https://github.com/roest01/node-pdf-image/commit/54679496a89738443917608c2bbe2f6e5dd20e83,54679496a89738443917608c2bbe2f6e5dd20e83,fixCommit
command-injection,pdf-image,2.0.0,CVE-2020-8132,mooz/node-pdf-image,https://github.com/mooz/node-pdf-image,,,,npm
command-injection,pdfinfojs,0.3.6,CVE-2018-3746,fagbokforlaget/pdfinfojs,https://github.com/fagbokforlaget/pdfinfojs,0.4.1,,,npm
command-injection,pidusage,1.0.0,CVE-2017-16034,soyuka/pidusage,https://github.com/soyuka/pidusage,1.1.5,https://github.com/soyuka/pidusage/commit/b70eca15f7ca7f1b82a15f8a5d4bb48737f5a89d,b70eca15f7ca7f1b82a15f8a5d4bb48737f5a89d,fixCommit
command-injection,port-killer,1.0.1,CVE-2021-23359,tylerjpeterson/port-killer,https://github.com/tylerjpeterson/port-killer,,,,npm
command-injection,portkiller,1.0.2,CVE-2021-23379,indatawetrust/portkiller,https://github.com/indatawetrust/portkiller,,,,npm
command-injection,portprocesses,1.0.4,CVE-2021-23348,rrainn/PortProcesses,https://github.com/rrainn/PortProcesses,1.0.5,https://github.com/rrainn/PortProcesses/commit/86811216c9b97b01b5722f879f8c88a7aa4214e1,86811216c9b97b01b5722f879f8c88a7aa4214e1,fixCommit
command-injection,ps-kill,1.0.0,CVE-2021-23355,kraftz/ps-kill,https://github.com/kraftz/ps-kill,,,,npm
command-injection,ps-visitor,0.0.2,CVE-2021-23374,WisdomKwan/ps-visitor,https://github.com/WisdomKwan/ps-visitor,,,,npm
command-injection,ps,0.0.2,CVE-2018-16460,UmbraEngineering/ps,https://github.com/UmbraEngineering/ps,1.0.0,,,npm
command-injection,psnode,0.0.1,CVE-2021-23375,nrako/psnode,https://github.com/nrako/psnode,,,,npm
command-injection,react-dev-utils,11.0.0,CVE-2021-24033,facebook/create-react-app,https://github.com/facebook/create-react-app,11.0.4,,,npm
command-injection,roar-pidusage,1.1.6,CVE-2021-23380,Svjard/pidusage,https://github.com/Svjard/pidusage,,,,npm
command-injection,samsung-remote,1.2.5,CVE-2021-29300,natalan/samsung-remote,https://github.com/natalan/samsung-remote,1.3.5,https://github.com/natalan/samsung-remote/commit/8dff35f6fc45d17acd534417569efd17b0305539,8dff35f6fc45d17acd534417569efd17b0305539,fixCommit
command-injection,scp,0.0.3,CVE-2019-10776,ecto/node-scp,https://github.com/ecto/node-scp,,,,fixCommit
command-injection,strider-git,1.0.3,CVE-2019-10788,Strider-CD/strider-git,https://github.com/Strider-CD/strider-git,,,,fixCommit
command-injection,theme-core,0.2.5,CVE-2020-28432,drupal-pattern-lab/theme-tools,https://github.com/drupal-pattern-lab/theme-tools,,,,npm
command-injection,@thi.ng/egf,0.3.0,CVE-2021-21412,thi-ng/umbrella,https://github.com/thi-ng/umbrella,0.4.0,https://github.com/thi-ng/umbrella/commit/88f61656e5f5cfba960013b8133186389efaf243,88f61656e5f5cfba960013b8133186389efaf243,fixCommit
command-injection,total.js,3.4.6,CVE-2020-28494,totaljs/framework,https://github.com/totaljs/framework,3.4.7,https://github.com/totaljs/framework/commit/6192491ab2631e7c1d317c221f18ea613e2c18a5,6192491ab2631e7c1d317c221f18ea613e2c18a5,fixCommit
command-injection,ts-process-promises,1.0.2,CVE-2020-7784,radarsu/process-promises,https://github.com/radarsu/process-promises,,,,npm
command-injection,umount,1.1.6,CVE-2020-7628,jviotti/node-umount,https://github.com/jviotti/node-umount,,,,npm
command-injection,vboxmanage.js,1.0.6,CVE-2019-10783,danielgindi/node-vboxmanage,https://github.com/danielgindi/node-vboxmanage,,https://github.com/danielgindi/node-vboxmanage/commit/8efe421dd19c474cbdeb0908cbcc7aabfe343d5e,8efe421dd19c474cbdeb0908cbcc7aabfe343d5e,fixCommit
command-injection,wc-cmd,1.0.9,CVE-2020-28431,apolluo/wc-cmd,https://github.com/apolluo/wc-cmd,,,,npm
command-injection,whereis,0.4.0,CVE-2018-3772,vvo/node-whereis,https://github.com/vvo/node-whereis,0.4.1,https://github.com/vvo/node-whereis/commit/0f64e3780235004fb6e43bfd153ea3e0e210ee2b,0f64e3780235004fb6e43bfd153ea3e0e210ee2b,fixCommit
command-injection,wincred,1.0.2,CVE-2021-23399,rolangom/wincred,https://github.com/rolangom/wincred,,,,npm
command-injection,xopen,1.0.0,CVE-2020-28447,,,,,,
command-injection,xps,1.0.2,CVE-2019-15597,robotlolita/xps,https://github.com/robotlolita/xps,,https://github.com/sorellabs/xps/commit/768481146b8ead3811310eecc0f56e2d107cb740,768481146b8ead3811310eecc0f56e2d107cb740,fixCommit
path-traversal,11xiaoli,1.1.0,CVE-2017-16160,,,,,,
path-traversal,22lixian,1.0.0,CVE-2017-16162,,,,,,
path-traversal,@vivaxy/here,3.1.0,,vivaxy/here,https://github.com/vivaxy/here,3.2.2,https://github.com/vivaxy/here/commit/298dbab41344dfb7f95f66b1fa7b5cfb436bd4a2,298dbab41344dfb7f95f66b1fa7b5cfb436bd4a2,fixCommit
path-traversal,angular-http-server,1.0.0,,simonh1000/angular-http-server,https://github.com/simonh1000/angular-http-server,1.4.4,https://github.com/simonh1000/angular-http-server/commit/8bafc9577161469f5dea01e0b98ea9c525d063e9,8bafc9577161469f5dea01e0b98ea9c525d063e9,fixCommit
path-traversal,api-proxy,0.0.2,,,,,,,
path-traversal,sleep,^6.3.0,,erikdubbelboer/node-sleep,https://github.com/erikdubbelboer/node-sleep,,,,npm
path-traversal,asset-cache,0.0.6,,gavinuhma/node-asset-cache,https://github.com/gavinuhma/node-asset-cache,,,,npm
path-traversal,atropa-ide,0.2.2-2,,atropa/atropa-ide,https://github.com/atropa/atropa-ide,,,,npm
path-traversal,augustine,0.2.3,CVE-2017-0930,princetoad/augustine,https://github.com/princetoad/augustine,,,,npm
path-traversal,basic-static,2.0.2,,mmckelvy/basic-static,https://github.com/mmckelvy/basic-static,,,,npm
path-traversal,bitty,0.1.0,CVE-2016-10561,caspervonb/bitty,https://github.com/caspervonb/bitty,,,,npm
path-traversal,caihong,1.0.0,,,,,,,
path-traversal,canvas-designer,1.2.1,,muaz-khan/Canvas-Designer,https://github.com/muaz-khan/Canvas-Designer,,,,npm
path-traversal,caolilinode1,1.0.0,,,,,,,
path-traversal,caolilinode,1.0.0,CVE-2017-16159,,,,,,
path-traversal,crud-file-server,0.7.0,CVE-2018-3733,omphalos/crud-file-server,https://github.com/omphalos/crud-file-server,0.9.0,https://github.com/omphalos/crud-file-server/commit/4fc3b404f718abb789f4ce4272c39c7a138c7a82,4fc3b404f718abb789f4ce4272c39c7a138c7a82,fixCommit
path-traversal,cuciuci,1.1.0,CVE-2017-16122,,,,,,
path-traversal,cuiaiguang,1.0.0,,,,,,,
path-traversal,cxy,1.1.0,,,,,,,
path-traversal,cyber-js,1.0.6,CVE-2017-16093,cyber-js/node-server,https://github.com/cyber-js/node-server,,,,npm
path-traversal,cypserver,1.0.0,CVE-2017-16191,,,,,,
path-traversal,datachannel-client,1.0.2,CVE-2017-16121,muaz-khan/Reliable-Signaler,https://github.com/muaz-khan/Reliable-Signaler,,,,npm
path-traversal,dcdcdcdcdc,1.0.0,CVE-2017-16190,,,,,,
path-traversal,der-server,0.0.9,,chongzhi/der-server,https://github.com/chongzhi/der-server,,,,npm
path-traversal,dilu,0.1.3,,,,,,,
path-traversal,dylmomo,1.0.0,CVE-2017-16163,,,,,,
path-traversal,easy-node-server,1.2.1,,518yxx/easy-server,https://github.com/518yxx/easy-server,,,,npm
path-traversal,ex-http-frame,1.0.2,,,,,,,
path-traversal,express-blinker,0.0.6,,IngwiePhoenix/blinker,https://github.com/IngwiePhoenix/blinker,,,,npm
path-traversal,exxxxxxxxxxx,1.0.2,CVE-2017-16130,FySuper/eX,https://github.com/FySuper/eX,,,,npm
path-traversal,fakelearnnodejs,0.0.1,,huanghuiquan/learnNodeJS,https://github.com/huanghuiquan/learnNodeJS,,,,npm
path-traversal,fast-http-cli,0.0.8,CVE-2017-16155,cedced19/fast-http,https://github.com/cedced19/fast-http,,,,npm
path-traversal,fast-http,0.1.3,CVE-2020-7687,cedced19/fast-http,https://github.com/cedced19/fast-http,,,,npm
path-traversal,fbr-client,1.0.3,CVE-2017-16217,muaz-khan/FileBufferReader,https://github.com/muaz-khan/FileBufferReader,,,,npm
path-traversal,file-static-server,1.0.2,,pengng/file-static-server,https://github.com/pengng/file-static-server,,,,npm
path-traversal,fsk-server,0.2.1,CVE-2017-16090,,,,,,
path-traversal,gamebutler,1.0.4,,connorwalsh/GameButler,https://github.com/connorwalsh/GameButler,,,,npm
path-traversal,gaoxiaotingtingting,1.1.0,CVE-2017-16108,,,,,,
path-traversal,gaoxuyan,1.1.0,CVE-2017-16153,,,,,,
path-traversal,getstats,1.0.6,,muaz-khan/getStats,https://github.com/muaz-khan/getStats,,,,npm
path-traversal,gfm-srv,1.1.2,,nim579/gfm-srv,https://github.com/nim579/gfm-srv,,,,npm
path-traversal,glance,3.0.0,CVE-2018-3715,jarofghosts/glance,https://github.com/jarofghosts/glance,3.0.4,https://github.com/jarofghosts/glance/commit/8cfd88e44ebd3f07e3a2eaf376a3e758b6c4ca19,8cfd88e44ebd3f07e3a2eaf376a3e758b6c4ca19,fixCommit
path-traversal,goserv,1.0.0,CVE-2017-16133,ablankenship10/goserv,https://github.com/ablankenship10/goserv,,,,npm
path-traversal,gyfserver,1.0.0,,,,,,,
path-traversal,hangersteak,0.2.2,,fugroup/hangersteak,https://github.com/fugroup/hangersteak,0.2.5,https://github.com/eldoy/hangersteak/commit/9e853cced065c5a98f242c7ac75438d035f63532,9e853cced065c5a98f242c7ac75438d035f63532,fixCommit
path-traversal,hdsdhhksjd,1.0.0,,,,,,,
path-traversal,hftp,0.0.6,CVE-2017-16039,ruanjf/hftp,https://github.com/ruanjf/hftp,,,,npm
path-traversal,hostr,2.0.0,CVE-2017-16029,henrytseng/hostr,https://github.com/henrytseng/hostr,2.3.6,https://github.com/henrytseng/hostr/commit/789a00047459fd80b6f0a9701a1378a47fb73ba8,789a00047459fd80b6f0a9701a1378a47fb73ba8,fixCommit
path-traversal,http-file-server,0.2.6,CVE-2019-5447,unclechu/node-http-file-server,https://github.com/unclechu/node-http-file-server,,,,npm
path-traversal,http-live-simulator,1.0.0,CVE-2018-16479,prahladyeri/http-live-simulator,https://github.com/prahladyeri/http-live-simulator,1.0.7,,,npm
path-traversal,httpea,3.0.4,,imagentleman/httpea,https://github.com/imagentleman/httpea,,,,npm
path-traversal,infraserver,0.0.1,CVE-2017-16142,xuemen/infra,https://github.com/xuemen/infra,,,,npm
path-traversal,intsol-package,1.0.0,CVE-2017-16178,,,,,,
path-traversal,isv-http,0.0.9,,,,,,,
path-traversal,lander,1.0.0,,ikobe/lander,https://github.com/ikobe/lander,,,,npm
path-traversal,lessindex,1.0.0,CVE-2017-16211,,,,,,
path-traversal,lihuini,1.0.0,,,,,,,
path-traversal,liuyaserver,1.0.0,CVE-2017-16170,,,,,,
path-traversal,liyujing,1.1.0,CVE-2017-16120,,,,,,
path-traversal,ljjnodeserve,1.0.0,,,,,,,
path-traversal,looppake,3.0.0,CVE-2017-16169,,,,,,
path-traversal,ltt.js,1.0.0,,,,,,,
path-traversal,ltt,1.1.0,CVE-2017-16212,,,,,,
path-traversal,lzl123,1.1.0,,,,,,,
path-traversal,m-server,1.4.0,CVE-2018-16485,nunnly/m-server,https://github.com/nunnly/m-server,1.4.2,https://github.com/nunnly/m-server/commit/01f13f040d1961ca3146dce7e2db990156e65e9a,01f13f040d1961ca3146dce7e2db990156e65e9a,fixCommit
path-traversal,mcstatic,0.0.20,CVE-2018-16482,tjchaplin/mcstatic,https://github.com/tjchaplin/mcstatic,,,,npm
path-traversal,mfrs,1.0.0,CVE-2017-16193,,,,,,
path-traversal,mfrserver,1.0.0,CVE-2017-16213,,,,,,
path-traversal,my-sn,1.0.1,,,,,,,
path-traversal,myprolyz,1.1.0,CVE-2017-16156,,,,,,
path-traversal,myserve111,1.1.2,,,,,,,
path-traversal,nitro-server,1.3.3,,jstools/nitro-server,https://github.com/jstools/nitro-server,,,,npm
path-traversal,node-cxc,1.0.0,,,,,,,
path-traversal,node-http-server,8.1.2,,RIAEvangelist/node-http-server,https://github.com/RIAEvangelist/node-http-server,,,,npm
path-traversal,node-simple-router,0.10.0,CVE-2017-16083,sandy98/node-simple-router,https://github.com/sandy98/node-simple-router,0.10.1,https://github.com/sandy98/node-simple-router/commit/dfdd52e2e80607af433097d940b3834fd96df488,dfdd52e2e80607af433097d940b3834fd96df488,fixCommit
path-traversal,node-srv,2.0.0,CVE-2018-3714,nim579/node-srv,https://github.com/nim579/node-srv,2.1.1,https://github.com/nim579/node-srv/commit/15be996c0520ac6e4dee0cf0808fc7e72effd2a2,15be996c0520ac6e4dee0cf0808fc7e72effd2a2,fixCommit
path-traversal,node-static-webserver,0.0.1,,r1000ru/node-static-webserver,https://github.com/r1000ru/node-static-webserver,,,,npm
path-traversal,node-staticserver,1.0.3,,diaocheng/node-staticserver,https://github.com/diaocheng/node-staticserver,,,,npm
path-traversal,nodeaaaaa,1.3.0,CVE-2017-16223,,,,,,
path-traversal,nodejsccc,1.0.0,,,,,,,
path-traversal,nopach,0.1.1,,Neablis/noPach,https://github.com/Neablis/noPach,,,,npm
path-traversal,open-device,4.0.1,CVE-2017-16187,,,,,,
path-traversal,paopao613,1.0.0,,,,,,,
path-traversal,peiserver,1.0.0,CVE-2017-16214,,,,,,
path-traversal,pico-static-server,2.3.4,,udivankin/pico-static-server,https://github.com/udivankin/pico-static-server,3.0.2,,,npm
path-traversal,proxey,0.4.2,,sumatraio/proxey,https://github.com/sumatraio/proxey,,,,npm
path-traversal,ptest,1.0.0,,,,,,,
path-traversal,public,0.1.2,,tnantoka/public,https://github.com/tnantoka/public,0.1.3,https://github.com/tnantoka/public/commit/eae8ad8017b260f8667ded5e12801bd72b877af2,eae8ad8017b260f8667ded5e12801bd72b877af2,fixCommit
path-traversal,pytservce,1.0.0,CVE-2017-16195,,,,,,
path-traversal,ritp,1.0.5,CVE-2017-16198,ncuzp/ritp,https://github.com/ncuzp/ritp,,,,npm
path-traversal,rjpserver,1.0.0,,,,,,,
path-traversal,rollup-plugin-dev-server,0.4.3,CVE-2020-7686,genie88/rollup-plugin-server,https://github.com/genie88/rollup-plugin-server,,,,npm
path-traversal,rollup-plugin-serve,0.4.2,CVE-2020-7684,thgh/rollup-plugin-serve,https://github.com/thgh/rollup-plugin-serve,,,,npm
path-traversal,rollup-plugin-serve,0.4.2,CVE-2020-7684,thgh/rollup-plugin-serve,https://github.com/thgh/rollup-plugin-serve,,,,npm
path-traversal,rollup-plugin-server,0.7.0,CVE-2020-7683,fkei/rollup-plugin-server,https://github.com/fkei/rollup-plugin-server,,,,npm
path-traversal,rtcmulticonnection-client,1.0.5,CVE-2017-16125,muaz-khan/Reliable-Signaler,https://github.com/muaz-khan/Reliable-Signaler,,,,npm
path-traversal,run-this-place,1.0.2,,ncuzp/run-this-place,https://github.com/ncuzp/run-this-place,,,,npm
path-traversal,sabu,1.0.6,,wesleybliss/sabu,https://github.com/wesleybliss/sabu,,,,npm
path-traversal,serve-here.js,1.1.0,CVE-2019-5444,ChristoPy/serve-here.js,https://github.com/ChristoPy/serve-here.js,1.2.0,https://github.com/ChristoPy/serve-here.js/commit/cefb51d03290b6a88dd13143ab2de31b8cf57c39,cefb51d03290b6a88dd13143ab2de31b8cf57c39,fixCommit
path-traversal,serve46,1.0.0,CVE-2017-16148,,,,,,
path-traversal,server12311,1.2.0,,,,,,,
path-traversal,serverabc,1.0.0,CVE-2017-16180,,,,,,
path-traversal,serverfff,1.1.1,,,,,,,
path-traversal,servergmf,1.1.0,,,,,,,
path-traversal,serverhuwenhui,1.1.0,CVE-2017-16102,,,,,,
path-traversal,serverliujiayi1,1.1.0,CVE-2017-16095,,,,,,
path-traversal,serverlyj333,1.1.0,,,,,,,
path-traversal,serverlyr,1.1.0,CVE-2017-16089,,,,,,
path-traversal,servershuai,1.2.0,,,,,,,
path-traversal,serversyysyy,1.1.0,,,,,,,
path-traversal,serverwg,1.0.0,CVE-2017-16101,,,,,,
path-traversal,serverwzl,1.3.1,CVE-2017-16105,,,,,,
path-traversal,serverxh,1.0.0,,,,,,,
path-traversal,serverxxx,1.0.0,CVE-2017-16182,,,,,,
path-traversal,serveryaozeyan,1.0.4,CVE-2017-16096,,,,,,
path-traversal,serveryyl,1.1.0,,,,,,,
path-traversal,serveryztyzt,1.4.0,CVE-2017-16103,,,,,,
path-traversal,serverzyqzyq,1.1.0,,,,,,,
path-traversal,serverzyy,1.0.0,CVE-2017-16135,,,,,,
path-traversal,servewuqianqianqian,1.0.0,,,,,,,
path-traversal,servey,2.2.0,CVE-2020-8214,AlexanderElias/servey,https://github.com/AlexanderElias/servey,,,,npm
path-traversal,severzlt,1.0.0,,,,,,,
path-traversal,sgqserve,1.0.0,CVE-2017-16215,,,,,,
path-traversal,shenliru3,1.3.0,,,,,,,
path-traversal,shenliru,1.2.0,CVE-2017-16161,,,,,,
path-traversal,shit-server,1.0.0,CVE-2017-16147,,,,,,
path-traversal,simple-mock-server,0.2.1,,jhudson8/simple-mock-server,https://github.com/jhudson8/simple-mock-server,,,,npm
path-traversal,songcaihong,1.0.0,,,,,,,
path-traversal,srverqq,1.0.0,,,,,,,
path-traversal,sleep,^6.3.0,,erikdubbelboer/node-sleep,https://github.com/erikdubbelboer/node-sleep,,,,npm
path-traversal,static-html-server,0.1.2,CVE-2017-16152,duyetdev/static-html-server,https://github.com/duyetdev/static-html-server,,,,npm
path-traversal,static-server-gx,1.2.1,,,,,,,
path-traversal,statichttpserver,0.9.7,CVE-2019-5480,jwbenson/statichttpserver,https://github.com/jwbenson/statichttpserver,,,,npm
path-traversal,statics-server,0.0.9,CVE-2019-15596,,,,,,
path-traversal,stattic,0.2.3,CVE-2018-3734,jmjuanes/stattic,https://github.com/jmjuanes/stattic,0.3.0,,,npm
path-traversal,susu-sum,1.0.0,CVE-2017-16199,,,,,,
path-traversal,tinyserver2,0.5.2,CVE-2017-16085,,,0.6.1,,,
path-traversal,tinyserver,0.1.1,,,,,,,
path-traversal,uekw1511server,1.0.1,CVE-2017-16185,,,,,,
path-traversal,ussasasa,1.0.0,,,,,,,
path-traversal,wangguojing123,1.3.0,CVE-2017-16150,,,,,,
path-traversal,wangshuai,1.0.0,,,,,,,
path-traversal,web-node-server,0.1.0,,youngerheart/nodeserver,https://github.com/youngerheart/nodeserver,,,,npm
path-traversal,webrepl,0.4.7,,mmattozzi/webrepl,https://github.com/mmattozzi/webrepl,,,,npm
path-traversal,welcomyzt,1.1.0,CVE-2017-16123,,,,,,
path-traversal,wenluhong111,1.0.0,,,,,,,
path-traversal,wenluhong11,1.0.0,,,,,,,
path-traversal,wenluhong1,1.0.0,,,,,,,
path-traversal,wffserve,1.0.0,CVE-2017-16168,,,,,,
path-traversal,willvdb_test_server,0.0.0,,willvdb/willvdb_test_server,https://github.com/willvdb/willvdb_test_server,,,,npm
path-traversal,wind-mvc,0.0.6,CVE-2017-16220,,,,,,
path-traversal,wintiwebdev,1.0.0,CVE-2017-16181,,,,,,
path-traversal,wrlc,0.2.5,,caspervonb/wrlc,https://github.com/caspervonb/wrlc,,,,npm
path-traversal,wuzhuang,1.0.0,,,,,,,
path-traversal,wuzhuangserver,1.8.0,,,,,,,
path-traversal,xbhxbh,1.1.0,,,,,,,
path-traversal,xingbaohai,1.0.0,,,,,,,
path-traversal,xxf11,1.0.1,,,,,,,
path-traversal,yjmyjmyjm,1.0.0,,,,,,,
path-traversal,yxxserver,1.0.0,,,,,,,
path-traversal,yyooopack,3.0.0,CVE-2017-16167,,,,,,
path-traversal,yypsulie11,1.0.0,,,,,,,
path-traversal,yzt,1.4.0,CVE-2017-16221,,,,,,
path-traversal,zhanglina,1.0.0,,,,,,,
path-traversal,zhangranbigman,0.0.1,,,,,,,
path-traversal,zhaolei1111,1.1.0,,,,,,,
path-traversal,zjjserver,1.0.0,CVE-2017-16201,,,,,,
path-traversal,zs123,1.0.0,,,,,,,
path-traversal,zwserver,0.1.1,CVE-2017-16149,,,,,,
path-traversal,zxyserver,1.0.0,,,,,,,
code-injection,access-policy,3.1.0,CVE-2020-7674,TupleAustin/access-policy,https://github.com/TupleAustin/access-policy,,,,npm
code-injection,cd-messenger,2.7.24,CVE-2020-7675,mikeerickson/cd-messenger,https://github.com/mikeerickson/cd-messenger,,,,npm
code-injection,djv,2.0.0,CVE-2020-28464,korzio/djv,https://github.com/korzio/djv,2.1.4,,,npm
code-injection,hot-formula-parser,3.0.0,CVE-2020-6836,handsontable/formula-parser,https://github.com/handsontable/formula-parser,3.0.1,https://github.com/handsontable/formula-parser/commit/396b089738d4bf30eb570a4fe6a188affa95cd5e,396b089738d4bf30eb570a4fe6a188affa95cd5e,fixCommit
code-injection,is-my-json-valid,2.20.0,,mafintosh/is-my-json-valid,https://github.com/mafintosh/is-my-json-valid,2.20.3,https://github.com/mafintosh/is-my-json-valid/commit/3419563687df463b4ca709a2b46be8e15d6a2b3d,3419563687df463b4ca709a2b46be8e15d6a2b3d,fixCommit
code-injection,js-yaml,3.13.0,,nodeca/js-yaml,https://github.com/nodeca/js-yaml,3.13.1,https://github.com/nodeca/js-yaml/pull/480/commits/e18afbf1edcafb7add2c4c7b22abc8d6ebc2fa61,e18afbf1edcafb7add2c4c7b22abc8d6ebc2fa61,fixCommit
code-injection,jsen,0.6.6,CVE-2020-7777,bugventure/jsen,https://github.com/bugventure/jsen,,,,npm
code-injection,json-ptr,2.0.0,CVE-2020-7766,flitbit/json-ptr,https://github.com/flitbit/json-ptr,2.1.0,,,npm
code-injection,kmc,1.2.2,,daxingplay/ModuleCompiler,https://github.com/daxingplay/ModuleCompiler,,,,npm
code-injection,local-devices,2.0.0,,DylanPiercey/local-devices,https://github.com/DylanPiercey/local-devices,3.0.0,,,npm
code-injection,m-log,0.0.1,,misak1/m-log,https://github.com/misak1/m-log,,https://github.com/m-prj/m-log/pull/1/commits/ee1a08f25555201001dee497addeae9d1705226a,ee1a08f25555201001dee497addeae9d1705226a,fixCommit
code-injection,marsdb,0.6.11,,c58/marsdb,https://github.com/c58/marsdb,,,,npm
code-injection,mathjs,3.10.3,,josdejong/mathjs,https://github.com/josdejong/mathjs,3.11.5,https://github.com/josdejong/mathjs/compare/v3.10.3...v3.11.5,,fixCommit
code-injection,mathjs,3.9.0,,josdejong/mathjs,https://github.com/josdejong/mathjs,3.11.5,https://github.com/josdejong/mathjs/compare/v3.10.3...v3.11.5,,fixCommit
code-injection,mixin-pro,0.6.0,,floatinghotpot/mixin-pro,https://github.com/floatinghotpot/mixin-pro,0.6.7,https://github.com/floatinghotpot/mixin-pro/commit/8bb355209f0a082d24b04355b3e8051a6455454f,8bb355209f0a082d24b04355b3e8051a6455454f,fixCommit
code-injection,mobile-icon-resizer,0.4.2,,muzzley/mobile-icon-resizer,https://github.com/muzzley/mobile-icon-resizer,0.4.3,https://github.com/muzzley/mobile-icon-resizer/commit/a6c50f884bd282d74ab77e1fce6317d5d0dd2f0f,a6c50f884bd282d74ab77e1fce6317d5d0dd2f0f,fixCommit
code-injection,modjs,0.4.0,,modulejs/modjs,https://github.com/modulejs/modjs,,,,npm
code-injection,modulify,0.1.0,,matthewkastor/modulify,https://github.com/matthewkastor/modulify,,,,npm
code-injection,mol-proto,^0.1.3,,milojs/proto,https://github.com/milojs/proto,,https://github.com/milojs/proto/pull/2/commits/10adbec293e7dfdb2e9e565bfd77187cf0373cbe,10adbec293e7dfdb2e9e565bfd77187cf0373cbe,fixCommit
code-injection,mongo-parse,2.1.0,,fresheneesz/mongo-parse,https://github.com/fresheneesz/mongo-parse,,,,npm
code-injection,mongoosemask,0.0.6,,mccormicka/mongoosemask,https://github.com/mccormicka/mongoosemask,,,,npm
code-injection,mosc,1.0.0,CVE-2020-7672,4y0/mosc,https://github.com/4y0/mosc,,,,npm
code-injection,node-extend,^0.2.0,CVE-2020-7673,brighthas/extend,https://github.com/brighthas/extend,,,,npm
code-injection,node-rules,3.0.0,CVE-2020-7609,mithunsatheesh/node-rules,https://github.com/mithunsatheesh/node-rules,5.0.0,,,npm
code-injection,node-serialize,0.0.3,CVE-2017-5941,luin/serialize,https://github.com/luin/serialize,,,,npm
code-injection,open,0.0.5,,pwnall/node-open,https://github.com/pwnall/node-open,6.0.0,,,npm
code-injection,pixl-class,1.0.0,CVE-2020-7640,jhuckaby/pixl-class,https://github.com/jhuckaby/pixl-class,1.0.3,https://github.com/jhuckaby/pixl-class/commit/47677a3638e3583e42f3a05cc7f0b30293d2acc8,47677a3638e3583e42f3a05cc7f0b30293d2acc8,fixCommit
code-injection,realms-shim,1.1.0,CVE-2021-23594,Agoric/realms-shim,https://github.com/Agoric/realms-shim,,,,npm
code-injection,reduce-css-calc,1.2.0,CVE-2016-10548,MoOx/reduce-css-calc,https://github.com/MoOx/reduce-css-calc,1.2.5,,,npm
code-injection,safe-eval,0.2.0,CVE-2020-7710,hacksparrow/safe-eval,https://github.com/hacksparrow/safe-eval,,,,npm
code-injection,safer-eval,1.3.1,CVE-2019-10759,commenthol/safer-eval,https://github.com/commenthol/safer-eval,1.3.4,,,npm
code-injection,serialize-javascript,2.0.0,CVE-2020-7660,yahoo/serialize-javascript,https://github.com/yahoo/serialize-javascript,3.1.0,https://github.com/yahoo/serialize-javascript/commit/f21a6fb3ace2353413761e79717b2d210ba6ccbd,f21a6fb3ace2353413761e79717b2d210ba6ccbd,fixCommit
code-injection,serialize-to-js,^0.5.0,CVE-2017-5954,commenthol/serialize-to-js,https://github.com/commenthol/serialize-to-js,1.0.0,https://github.com/commenthol/serialize-to-js/commit/1cd433960e5b9db4c0b537afb28366198a319429,1cd433960e5b9db4c0b537afb28366198a319429,fixCommit
code-injection,static-eval,1.1.1,,substack/static-eval,https://github.com/substack/static-eval,2.0.2,https://github.com/browserify/static-eval/commit/32f8efd072625e267aa7237d2daff35738c50d2a,32f8efd072625e267aa7237d2daff35738c50d2a,fixCommit
code-injection,thenify,3.3.0,CVE-2020-7677,thenables/thenify,https://github.com/thenables/thenify,3.3.1,https://github.com/thenables/thenify/commit/0d94a24eb933bc835d568f3009f4d269c4c4c17a,0d94a24eb933bc835d568f3009f4d269c4c4c17a,fixCommit
code-injection,underscore,1.13.0-0,CVE-2021-23358,jashkenas/underscore,https://github.com/jashkenas/underscore,1.13.0-2,https://github.com/jashkenas/underscore/commit/4c73526d43838ad6ab43a6134728776632adeb66,4c73526d43838ad6ab43a6134728776632adeb66,fixCommit
code-injection,value-censorship,1.1.0,,fabiosantoscode/value-censorship,https://github.com/fabiosantoscode/value-censorship,,,,npm
code-injection,veval,1.0.0,,,,,,,
code-injection,wifiscanner,1.0.1,CVE-2020-15362,,,,,,
code-injection,@zhaoyao91/eval-in-vm,0.0.0,,zhaoyao91-npm/eval-in-vm,https://github.com/zhaoyao91-npm/eval-in-vm,,,,npm
