"Inefficient regular expression","A regular expression that requires exponential time to match certain inputs can be a performance bottleneck, and may be vulnerable to denial-of-service attacks.","error","This part of the regular expression may cause exponential backtracking on strings containing many repetitions of '\\!'.","/simple-markdown.js","1571","39","1571","75"
"Polynomial regular expression used on uncontrolled data","A regular expression that can require polynomial time to match may be vulnerable to denial-of-service attacks.","warning","This [[""regular expression""|""relative:///simple-markdown.js:1319:41:1319:46""]] that depends on [[""library input""|""relative:///simple-markdown.js:465:48:465:53""]] may run slow on strings starting with '<!:/' and with many repetitions of '!:/'.
This [[""regular expression""|""relative:///simple-markdown.js:1335:39:1335:44""]] that depends on [[""library input""|""relative:///simple-markdown.js:465:48:465:53""]] may run slow on strings starting with '<!@' and with many repetitions of '!@'.
This [[""regular expression""|""relative:///simple-markdown.js:1588:35:1588:42""]] that depends on [[""library input""|""relative:///simple-markdown.js:465:48:465:53""]] may run slow on strings starting with '`' and with many repetitions of '``'.","/simple-markdown.js","467","20","467","37"
"Polynomial regular expression used on uncontrolled data","A regular expression that can require polynomial time to match may be vulnerable to denial-of-service attacks.","warning","This [[""regular expression""|""relative:///simple-markdown.js:749:46:749:52""]] that depends on [[""library input""|""relative:///simple-markdown.js:478:48:478:53""]] may run slow on strings starting with '|a\n|-' and with many repetitions of '-'.
This [[""regular expression""|""relative:///simple-markdown.js:750:35:750:36""]] that depends on [[""library input""|""relative:///simple-markdown.js:478:48:478:53""]] may run slow on strings starting with '!|' and with many repetitions of '|'.
This [[""regular expression""|""relative:///simple-markdown.js:750:70:750:71""]] that depends on [[""library input""|""relative:///simple-markdown.js:478:48:478:53""]] may run slow on strings starting with '!|\n-|\n|' and with many repetitions of '|'.
This [[""regular expression""|""relative:///simple-markdown.js:841:50:841:51""]] that depends on [[""library input""|""relative:///simple-markdown.js:478:48:478:53""]] may run slow on strings with many repetitions of '  '.
This [[""regular expression""|""relative:///simple-markdown.js:954:30:954:31""]] that depends on [[""library input""|""relative:///simple-markdown.js:478:48:478:53""]] may run slow on strings with many repetitions of '  '.
This [[""regular expression""|""relative:///simple-markdown.js:898:36:898:41""]] that depends on [[""library input""|""relative:///simple-markdown.js:478:48:478:53""]] may run slow on strings starting with '    ' and with many repetitions of '     '.
This [[""regular expression""|""relative:///simple-markdown.js:898:42:898:44""]] that depends on [[""library input""|""relative:///simple-markdown.js:478:48:478:53""]] may run slow on strings with many repetitions of '     '.
This [[""regular expression""|""relative:///simple-markdown.js:954:33:954:38""]] that depends on [[""library input""|""relative:///simple-markdown.js:478:48:478:53""]] may run slow on strings starting with '>' and with many repetitions of '>>'.
This [[""regular expression""|""relative:///simple-markdown.js:1118:48:1118:49""]] that depends on [[""library input""|""relative:///simple-markdown.js:478:48:478:53""]] may run slow on strings starting with '[\\]:' and with many repetitions of ' '.
This [[""regular expression""|""relative:///simple-markdown.js:1118:68:1118:69""]] that depends on [[""library input""|""relative:///simple-markdown.js:478:48:478:53""]] may run slow on strings starting with '[\\]:' and with many repetitions of ' '.","/simple-markdown.js","482","20","482","37"
