"Inclusion of functionality from an untrusted source","Including functionality from an untrusted source may allow an attacker to control the functionality and execute arbitrary code.","warning","Script loaded from content delivery network with no integrity check.","/test/jointjs/lodash3/index.html","24","1","24","92"
"Inclusion of functionality from an untrusted source","Including functionality from an untrusted source may allow an attacker to control the functionality and execute arbitrary code.","warning","Script loaded from content delivery network with no integrity check.","/test/jointjs/lodash3/index.html","21","1","21","89"
"Incorrect suffix check","Using indexOf to implement endsWith functionality is error-prone if the -1 case is not explicitly handled.","error","This suffix check is missing a length comparison to correctly handle indexOf returning -1.","/test/jointjs/core/util.js","166","23","166","84"
"Prototype-polluting assignment","Modifying an object obtained via a user-controlled property name may lead to accidental mutation of the built-in Object prototype, and possibly escalate to remote code execution or cross-site scripting.","warning","This assignment may alter Object.prototype if a malicious '__proto__' string is injected from [[""library input""|""relative:///dist/joint.js:10056:32:10056:35""]].","/dist/joint.js","10069","30","10069","34"
"Prototype-polluting assignment","Modifying an object obtained via a user-controlled property name may lead to accidental mutation of the built-in Object prototype, and possibly escalate to remote code execution or cross-site scripting.","warning","This assignment may alter Object.prototype if a malicious '__proto__' string is injected from [[""library input""|""relative:///dist/joint.js:10056:32:10056:35""]].","/dist/joint.js","10072","6","10072","10"
"Prototype-polluting assignment","Modifying an object obtained via a user-controlled property name may lead to accidental mutation of the built-in Object prototype, and possibly escalate to remote code execution or cross-site scripting.","warning","This assignment may alter Object.prototype if a malicious '__proto__' string is injected from [[""library input""|""relative:///dist/joint.js:10077:34:10077:37""]].","/dist/joint.js","10092","13","10092","17"
"DOM text reinterpreted as HTML","Reinterpreting text from the DOM as HTML can lead to a cross-site scripting vulnerability.","warning","[[""DOM text""|""relative:///dist/joint.core.js:7931:46:7931:64""]] is reinterpreted as HTML without escaping meta-characters.","/dist/joint.core.js","8008","36","8008","51"
"DOM text reinterpreted as HTML","Reinterpreting text from the DOM as HTML can lead to a cross-site scripting vulnerability.","warning","[[""DOM text""|""relative:///dist/joint.core.js:7931:46:7931:64""]] is reinterpreted as HTML without escaping meta-characters.","/dist/joint.core.js","8040","37","8040","45"
"DOM text reinterpreted as HTML","Reinterpreting text from the DOM as HTML can lead to a cross-site scripting vulnerability.","warning","[[""DOM text""|""relative:///dist/joint.core.js:7931:46:7931:64""]] is reinterpreted as HTML without escaping meta-characters.","/dist/joint.core.js","10237","30","10237","40"
"DOM text reinterpreted as HTML","Reinterpreting text from the DOM as HTML can lead to a cross-site scripting vulnerability.","warning","[[""DOM text""|""relative:///dist/joint.js:8072:46:8072:64""]] is reinterpreted as HTML without escaping meta-characters.","/dist/joint.js","8149","36","8149","51"
"DOM text reinterpreted as HTML","Reinterpreting text from the DOM as HTML can lead to a cross-site scripting vulnerability.","warning","[[""DOM text""|""relative:///dist/joint.js:8072:46:8072:64""]] is reinterpreted as HTML without escaping meta-characters.","/dist/joint.js","8181","37","8181","45"
"DOM text reinterpreted as HTML","Reinterpreting text from the DOM as HTML can lead to a cross-site scripting vulnerability.","warning","[[""DOM text""|""relative:///dist/joint.js:8072:46:8072:64""]] is reinterpreted as HTML without escaping meta-characters.","/dist/joint.js","10378","30","10378","40"
"DOM text reinterpreted as HTML","Reinterpreting text from the DOM as HTML can lead to a cross-site scripting vulnerability.","warning","[[""DOM text""|""relative:///dist/joint.nowrap.js:8069:46:8069:64""]] is reinterpreted as HTML without escaping meta-characters.","/dist/joint.nowrap.js","8146","36","8146","51"
"DOM text reinterpreted as HTML","Reinterpreting text from the DOM as HTML can lead to a cross-site scripting vulnerability.","warning","[[""DOM text""|""relative:///dist/joint.nowrap.js:8069:46:8069:64""]] is reinterpreted as HTML without escaping meta-characters.","/dist/joint.nowrap.js","8178","37","8178","45"
"DOM text reinterpreted as HTML","Reinterpreting text from the DOM as HTML can lead to a cross-site scripting vulnerability.","warning","[[""DOM text""|""relative:///dist/joint.nowrap.js:8069:46:8069:64""]] is reinterpreted as HTML without escaping meta-characters.","/dist/joint.nowrap.js","10375","30","10375","40"
"DOM text reinterpreted as HTML","Reinterpreting text from the DOM as HTML can lead to a cross-site scripting vulnerability.","warning","[[""DOM text""|""relative:///dist/vectorizer.js:6430:49:6430:67""]] is reinterpreted as HTML without escaping meta-characters.","/dist/vectorizer.js","6539","40","6539","48"
"DOM text reinterpreted as HTML","Reinterpreting text from the DOM as HTML can lead to a cross-site scripting vulnerability.","warning","[[""DOM text""|""relative:///docs/js/api.js:97:22:97:52""]] is reinterpreted as HTML without escaping meta-characters.","/docs/js/api.js","97","22","97","52"
"DOM text reinterpreted as HTML","Reinterpreting text from the DOM as HTML can lead to a cross-site scripting vulnerability.","warning","[[""DOM text""|""relative:///src/V/index.mjs:665:45:665:63""]] is reinterpreted as HTML without escaping meta-characters.","/src/V/index.mjs","742","35","742","50"
"DOM text reinterpreted as HTML","Reinterpreting text from the DOM as HTML can lead to a cross-site scripting vulnerability.","warning","[[""DOM text""|""relative:///src/V/index.mjs:665:45:665:63""]] is reinterpreted as HTML without escaping meta-characters.","/src/V/index.mjs","774","36","774","44"
"DOM text reinterpreted as HTML","Reinterpreting text from the DOM as HTML can lead to a cross-site scripting vulnerability.","warning","[[""DOM text""|""relative:///src/V/index.mjs:665:45:665:63""]] is reinterpreted as HTML without escaping meta-characters.","/src/util/util.mjs","468","29","468","39"
"Unsafe HTML constructed from library input","Using externally controlled strings to construct HTML might allow a malicious user to perform a cross-site scripting attack.","error","This HTML construction which depends on [[""library input""|""relative:///dist/joint.js:9333:41:9333:44""]] might later allow [[""cross-site scripting""|""relative:///dist/joint.js:8763:43:8763:46""]].
This HTML construction which depends on [[""library input""|""relative:///dist/joint.js:9384:43:9384:48""]] might later allow [[""cross-site scripting""|""relative:///dist/joint.js:8763:43:8763:46""]].
This HTML construction which depends on [[""library input""|""relative:///dist/joint.js:9403:44:9403:50""]] might later allow [[""cross-site scripting""|""relative:///dist/joint.js:8763:43:8763:46""]].
This HTML construction which depends on [[""library input""|""relative:///dist/joint.js:9424:41:9424:44""]] might later allow [[""cross-site scripting""|""relative:///dist/joint.js:8763:43:8763:46""]].
This HTML construction which depends on [[""library input""|""relative:///dist/joint.js:10247:63:10247:68""]] might later allow [[""cross-site scripting""|""relative:///dist/joint.js:8763:43:8763:46""]].
This HTML construction which depends on [[""library input""|""relative:///dist/joint.js:12024:39:12024:42""]] might later allow [[""cross-site scripting""|""relative:///dist/joint.js:8763:43:8763:46""]].
This HTML construction which depends on [[""library input""|""relative:///dist/joint.js:12062:40:12062:43""]] might later allow [[""cross-site scripting""|""relative:///dist/joint.js:8763:43:8763:46""]].
This HTML construction which depends on [[""library input""|""relative:///dist/joint.js:7454:23:7454:24""]] might later allow [[""cross-site scripting""|""relative:///dist/joint.js:8763:43:8763:46""]].
This HTML construction which depends on [[""library input""|""relative:///dist/joint.js:7458:57:7458:65""]] might later allow [[""cross-site scripting""|""relative:///dist/joint.js:8763:43:8763:46""]].
This HTML construction which depends on [[""library input""|""relative:///dist/joint.js:8674:37:8674:43""]] might later allow [[""cross-site scripting""|""relative:///dist/joint.js:8763:43:8763:46""]].","/dist/joint.js","8677","133","8677","139"
"Unsafe HTML constructed from library input","Using externally controlled strings to construct HTML might allow a malicious user to perform a cross-site scripting attack.","error","This XML parsing which depends on [[""library input""|""relative:///dist/joint.js:9333:41:9333:44""]] might later allow [[""cross-site scripting""|""relative:///dist/joint.js:7842:35:7842:43""]].
This XML parsing which depends on [[""library input""|""relative:///dist/joint.js:9333:41:9333:44""]] might later allow [[""cross-site scripting""|""relative:///dist/joint.js:8149:36:8149:51""]].
This XML parsing which depends on [[""library input""|""relative:///dist/joint.js:9333:41:9333:44""]] might later allow [[""cross-site scripting""|""relative:///dist/joint.js:8181:37:8181:45""]].
This XML parsing which depends on [[""library input""|""relative:///dist/joint.js:9333:41:9333:44""]] might later allow [[""cross-site scripting""|""relative:///dist/joint.js:10382:36:10382:46""]].
This XML parsing which depends on [[""library input""|""relative:///dist/joint.js:9333:41:9333:44""]] might later allow [[""cross-site scripting""|""relative:///dist/joint.js:21523:35:21523:47""]].
This XML parsing which depends on [[""library input""|""relative:///dist/joint.js:9333:41:9333:44""]] might later allow [[""cross-site scripting""|""relative:///dist/joint.js:21715:24:21715:32""]].
This XML parsing which depends on [[""library input""|""relative:///dist/joint.js:9333:41:9333:44""]] might later allow [[""cross-site scripting""|""relative:///dist/joint.js:21732:28:21732:37""]].
This XML parsing which depends on [[""library input""|""relative:///dist/joint.js:9333:41:9333:44""]] might later allow [[""cross-site scripting""|""relative:///dist/joint.js:21751:37:21751:88""]].
This XML parsing which depends on [[""library input""|""relative:///dist/joint.js:9384:43:9384:48""]] might later allow [[""cross-site scripting""|""relative:///dist/joint.js:7842:35:7842:43""]].
This XML parsing which depends on [[""library input""|""relative:///dist/joint.js:9384:43:9384:48""]] might later allow [[""cross-site scripting""|""relative:///dist/joint.js:8149:36:8149:51""]].
This XML parsing which depends on [[""library input""|""relative:///dist/joint.js:9384:43:9384:48""]] might later allow [[""cross-site scripting""|""relative:///dist/joint.js:8181:37:8181:45""]].
This XML parsing which depends on [[""library input""|""relative:///dist/joint.js:9384:43:9384:48""]] might later allow [[""cross-site scripting""|""relative:///dist/joint.js:10382:36:10382:46""]].
This XML parsing which depends on [[""library input""|""relative:///dist/joint.js:9384:43:9384:48""]] might later allow [[""cross-site scripting""|""relative:///dist/joint.js:21523:35:21523:47""]].
This XML parsing which depends on [[""library input""|""relative:///dist/joint.js:9384:43:9384:48""]] might later allow [[""cross-site scripting""|""relative:///dist/joint.js:21715:24:21715:32""]].
This XML parsing which depends on [[""library input""|""relative:///dist/joint.js:9384:43:9384:48""]] might later allow [[""cross-site scripting""|""relative:///dist/joint.js:21732:28:21732:37""]].
This XML parsing which depends on [[""library input""|""relative:///dist/joint.js:9384:43:9384:48""]] might later allow [[""cross-site scripting""|""relative:///dist/joint.js:21751:37:21751:88""]].
This XML parsing which depends on [[""library input""|""relative:///dist/joint.js:9403:44:9403:50""]] might later allow [[""cross-site scripting""|""relative:///dist/joint.js:7842:35:7842:43""]].
This XML parsing which depends on [[""library input""|""relative:///dist/joint.js:9403:44:9403:50""]] might later allow [[""cross-site scripting""|""relative:///dist/joint.js:8149:36:8149:51""]].
This XML parsing which depends on [[""library input""|""relative:///dist/joint.js:9403:44:9403:50""]] might later allow [[""cross-site scripting""|""relative:///dist/joint.js:8181:37:8181:45""]].
This XML parsing which depends on [[""library input""|""relative:///dist/joint.js:9403:44:9403:50""]] might later allow [[""cross-site scripting""|""relative:///dist/joint.js:10382:36:10382:46""]].
This XML parsing which depends on [[""library input""|""relative:///dist/joint.js:9403:44:9403:50""]] might later allow [[""cross-site scripting""|""relative:///dist/joint.js:21523:35:21523:47""]].
This XML parsing which depends on [[""library input""|""relative:///dist/joint.js:9403:44:9403:50""]] might later allow [[""cross-site scripting""|""relative:///dist/joint.js:21715:24:21715:32""]].
This XML parsing which depends on [[""library input""|""relative:///dist/joint.js:9403:44:9403:50""]] might later allow [[""cross-site scripting""|""relative:///dist/joint.js:21732:28:21732:37""]].
This XML parsing which depends on [[""library input""|""relative:///dist/joint.js:9403:44:9403:50""]] might later allow [[""cross-site scripting""|""relative:///dist/joint.js:21751:37:21751:88""]].
This XML parsing which depends on [[""library input""|""relative:///dist/joint.js:9424:41:9424:44""]] might later allow [[""cross-site scripting""|""relative:///dist/joint.js:7842:35:7842:43""]].
This XML parsing which depends on [[""library input""|""relative:///dist/joint.js:9424:41:9424:44""]] might later allow [[""cross-site scripting""|""relative:///dist/joint.js:8149:36:8149:51""]].
This XML parsing which depends on [[""library input""|""relative:///dist/joint.js:9424:41:9424:44""]] might later allow [[""cross-site scripting""|""relative:///dist/joint.js:8181:37:8181:45""]].
This XML parsing which depends on [[""library input""|""relative:///dist/joint.js:9424:41:9424:44""]] might later allow [[""cross-site scripting""|""relative:///dist/joint.js:10382:36:10382:46""]].
This XML parsing which depends on [[""library input""|""relative:///dist/joint.js:9424:41:9424:44""]] might later allow [[""cross-site scripting""|""relative:///dist/joint.js:21523:35:21523:47""]].
This XML parsing which depends on [[""library input""|""relative:///dist/joint.js:9424:41:9424:44""]] might later allow [[""cross-site scripting""|""relative:///dist/joint.js:21715:24:21715:32""]].
This XML parsing which depends on [[""library input""|""relative:///dist/joint.js:9424:41:9424:44""]] might later allow [[""cross-site scripting""|""relative:///dist/joint.js:21732:28:21732:37""]].
This XML parsing which depends on [[""library input""|""relative:///dist/joint.js:9424:41:9424:44""]] might later allow [[""cross-site scripting""|""relative:///dist/joint.js:21751:37:21751:88""]].
This XML parsing which depends on [[""library input""|""relative:///dist/joint.js:10247:63:10247:68""]] might later allow [[""cross-site scripting""|""relative:///dist/joint.js:7842:35:7842:43""]].
This XML parsing which depends on [[""library input""|""relative:///dist/joint.js:10247:63:10247:68""]] might later allow [[""cross-site scripting""|""relative:///dist/joint.js:8149:36:8149:51""]].
This XML parsing which depends on [[""library input""|""relative:///dist/joint.js:10247:63:10247:68""]] might later allow [[""cross-site scripting""|""relative:///dist/joint.js:8181:37:8181:45""]].
This XML parsing which depends on [[""library input""|""relative:///dist/joint.js:10247:63:10247:68""]] might later allow [[""cross-site scripting""|""relative:///dist/joint.js:10382:36:10382:46""]].
This XML parsing which depends on [[""library input""|""relative:///dist/joint.js:10247:63:10247:68""]] might later allow [[""cross-site scripting""|""relative:///dist/joint.js:21523:35:21523:47""]].
This XML parsing which depends on [[""library input""|""relative:///dist/joint.js:10247:63:10247:68""]] might later allow [[""cross-site scripting""|""relative:///dist/joint.js:21715:24:21715:32""]].
This XML parsing which depends on [[""library input""|""relative:///dist/joint.js:10247:63:10247:68""]] might later allow [[""cross-site scripting""|""relative:///dist/joint.js:21732:28:21732:37""]].
This XML parsing which depends on [[""library input""|""relative:///dist/joint.js:10247:63:10247:68""]] might later allow [[""cross-site scripting""|""relative:///dist/joint.js:21751:37:21751:88""]].
This XML parsing which depends on [[""library input""|""relative:///dist/joint.js:12024:39:12024:42""]] might later allow [[""cross-site scripting""|""relative:///dist/joint.js:7842:35:7842:43""]].
This XML parsing which depends on [[""library input""|""relative:///dist/joint.js:12024:39:12024:42""]] might later allow [[""cross-site scripting""|""relative:///dist/joint.js:8149:36:8149:51""]].
This XML parsing which depends on [[""library input""|""relative:///dist/joint.js:12024:39:12024:42""]] might later allow [[""cross-site scripting""|""relative:///dist/joint.js:8181:37:8181:45""]].
This XML parsing which depends on [[""library input""|""relative:///dist/joint.js:12024:39:12024:42""]] might later allow [[""cross-site scripting""|""relative:///dist/joint.js:10382:36:10382:46""]].
This XML parsing which depends on [[""library input""|""relative:///dist/joint.js:12024:39:12024:42""]] might later allow [[""cross-site scripting""|""relative:///dist/joint.js:21523:35:21523:47""]].
This XML parsing which depends on [[""library input""|""relative:///dist/joint.js:12024:39:12024:42""]] might later allow [[""cross-site scripting""|""relative:///dist/joint.js:21715:24:21715:32""]].
This XML parsing which depends on [[""library input""|""relative:///dist/joint.js:12024:39:12024:42""]] might later allow [[""cross-site scripting""|""relative:///dist/joint.js:21732:28:21732:37""]].
This XML parsing which depends on [[""library input""|""relative:///dist/joint.js:12024:39:12024:42""]] might later allow [[""cross-site scripting""|""relative:///dist/joint.js:21751:37:21751:88""]].
This XML parsing which depends on [[""library input""|""relative:///dist/joint.js:12062:40:12062:43""]] might later allow [[""cross-site scripting""|""relative:///dist/joint.js:7842:35:7842:43""]].
This XML parsing which depends on [[""library input""|""relative:///dist/joint.js:12062:40:12062:43""]] might later allow [[""cross-site scripting""|""relative:///dist/joint.js:8149:36:8149:51""]].
This XML parsing which depends on [[""library input""|""relative:///dist/joint.js:12062:40:12062:43""]] might later allow [[""cross-site scripting""|""relative:///dist/joint.js:8181:37:8181:45""]].
This XML parsing which depends on [[""library input""|""relative:///dist/joint.js:12062:40:12062:43""]] might later allow [[""cross-site scripting""|""relative:///dist/joint.js:10382:36:10382:46""]].
This XML parsing which depends on [[""library input""|""relative:///dist/joint.js:12062:40:12062:43""]] might later allow [[""cross-site scripting""|""relative:///dist/joint.js:21523:35:21523:47""]].
This XML parsing which depends on [[""library input""|""relative:///dist/joint.js:12062:40:12062:43""]] might later allow [[""cross-site scripting""|""relative:///dist/joint.js:21715:24:21715:32""]].
This XML parsing which depends on [[""library input""|""relative:///dist/joint.js:12062:40:12062:43""]] might later allow [[""cross-site scripting""|""relative:///dist/joint.js:21732:28:21732:37""]].
This XML parsing which depends on [[""library input""|""relative:///dist/joint.js:12062:40:12062:43""]] might later allow [[""cross-site scripting""|""relative:///dist/joint.js:21751:37:21751:88""]].
This XML parsing which depends on [[""library input""|""relative:///dist/joint.js:7454:23:7454:24""]] might later allow [[""cross-site scripting""|""relative:///dist/joint.js:7842:35:7842:43""]].
This XML parsing which depends on [[""library input""|""relative:///dist/joint.js:7454:23:7454:24""]] might later allow [[""cross-site scripting""|""relative:///dist/joint.js:8149:36:8149:51""]].
This XML parsing which depends on [[""library input""|""relative:///dist/joint.js:7454:23:7454:24""]] might later allow [[""cross-site scripting""|""relative:///dist/joint.js:8181:37:8181:45""]].
This XML parsing which depends on [[""library input""|""relative:///dist/joint.js:7454:23:7454:24""]] might later allow [[""cross-site scripting""|""relative:///dist/joint.js:10382:36:10382:46""]].
This XML parsing which depends on [[""library input""|""relative:///dist/joint.js:7454:23:7454:24""]] might later allow [[""cross-site scripting""|""relative:///dist/joint.js:21523:35:21523:47""]].
This XML parsing which depends on [[""library input""|""relative:///dist/joint.js:7454:23:7454:24""]] might later allow [[""cross-site scripting""|""relative:///dist/joint.js:21715:24:21715:32""]].
This XML parsing which depends on [[""library input""|""relative:///dist/joint.js:7454:23:7454:24""]] might later allow [[""cross-site scripting""|""relative:///dist/joint.js:21732:28:21732:37""]].
This XML parsing which depends on [[""library input""|""relative:///dist/joint.js:7454:23:7454:24""]] might later allow [[""cross-site scripting""|""relative:///dist/joint.js:21751:37:21751:88""]].
This XML parsing which depends on [[""library input""|""relative:///dist/joint.js:7458:57:7458:65""]] might later allow [[""cross-site scripting""|""relative:///dist/joint.js:7842:35:7842:43""]].
This XML parsing which depends on [[""library input""|""relative:///dist/joint.js:7458:57:7458:65""]] might later allow [[""cross-site scripting""|""relative:///dist/joint.js:8149:36:8149:51""]].
This XML parsing which depends on [[""library input""|""relative:///dist/joint.js:7458:57:7458:65""]] might later allow [[""cross-site scripting""|""relative:///dist/joint.js:8181:37:8181:45""]].
This XML parsing which depends on [[""library input""|""relative:///dist/joint.js:7458:57:7458:65""]] might later allow [[""cross-site scripting""|""relative:///dist/joint.js:10382:36:10382:46""]].
This XML parsing which depends on [[""library input""|""relative:///dist/joint.js:7458:57:7458:65""]] might later allow [[""cross-site scripting""|""relative:///dist/joint.js:21523:35:21523:47""]].
This XML parsing which depends on [[""library input""|""relative:///dist/joint.js:7458:57:7458:65""]] might later allow [[""cross-site scripting""|""relative:///dist/joint.js:21715:24:21715:32""]].
This XML parsing which depends on [[""library input""|""relative:///dist/joint.js:7458:57:7458:65""]] might later allow [[""cross-site scripting""|""relative:///dist/joint.js:21732:28:21732:37""]].
This XML parsing which depends on [[""library input""|""relative:///dist/joint.js:7458:57:7458:65""]] might later allow [[""cross-site scripting""|""relative:///dist/joint.js:21751:37:21751:88""]].
This XML parsing which depends on [[""library input""|""relative:///dist/joint.js:8674:37:8674:43""]] might later allow [[""cross-site scripting""|""relative:///dist/joint.js:7842:35:7842:43""]].
This XML parsing which depends on [[""library input""|""relative:///dist/joint.js:8674:37:8674:43""]] might later allow [[""cross-site scripting""|""relative:///dist/joint.js:8149:36:8149:51""]].
This XML parsing which depends on [[""library input""|""relative:///dist/joint.js:8674:37:8674:43""]] might later allow [[""cross-site scripting""|""relative:///dist/joint.js:8181:37:8181:45""]].
This XML parsing which depends on [[""library input""|""relative:///dist/joint.js:8674:37:8674:43""]] might later allow [[""cross-site scripting""|""relative:///dist/joint.js:10382:36:10382:46""]].
This XML parsing which depends on [[""library input""|""relative:///dist/joint.js:8674:37:8674:43""]] might later allow [[""cross-site scripting""|""relative:///dist/joint.js:21523:35:21523:47""]].
This XML parsing which depends on [[""library input""|""relative:///dist/joint.js:8674:37:8674:43""]] might later allow [[""cross-site scripting""|""relative:///dist/joint.js:21715:24:21715:32""]].
This XML parsing which depends on [[""library input""|""relative:///dist/joint.js:8674:37:8674:43""]] might later allow [[""cross-site scripting""|""relative:///dist/joint.js:21732:28:21732:37""]].
This XML parsing which depends on [[""library input""|""relative:///dist/joint.js:8674:37:8674:43""]] might later allow [[""cross-site scripting""|""relative:///dist/joint.js:21751:37:21751:88""]].
This XML parsing which depends on [[""library input""|""relative:///dist/joint.js:8750:28:8750:31""]] might later allow [[""cross-site scripting""|""relative:///dist/joint.js:7842:35:7842:43""]].
This XML parsing which depends on [[""library input""|""relative:///dist/joint.js:8750:28:8750:31""]] might later allow [[""cross-site scripting""|""relative:///dist/joint.js:8149:36:8149:51""]].
This XML parsing which depends on [[""library input""|""relative:///dist/joint.js:8750:28:8750:31""]] might later allow [[""cross-site scripting""|""relative:///dist/joint.js:8181:37:8181:45""]].
This XML parsing which depends on [[""library input""|""relative:///dist/joint.js:8750:28:8750:31""]] might later allow [[""cross-site scripting""|""relative:///dist/joint.js:10382:36:10382:46""]].
This XML parsing which depends on [[""library input""|""relative:///dist/joint.js:8750:28:8750:31""]] might later allow [[""cross-site scripting""|""relative:///dist/joint.js:21523:35:21523:47""]].
This XML parsing which depends on [[""library input""|""relative:///dist/joint.js:8750:28:8750:31""]] might later allow [[""cross-site scripting""|""relative:///dist/joint.js:21715:24:21715:32""]].
This XML parsing which depends on [[""library input""|""relative:///dist/joint.js:8750:28:8750:31""]] might later allow [[""cross-site scripting""|""relative:///dist/joint.js:21732:28:21732:37""]].
This XML parsing which depends on [[""library input""|""relative:///dist/joint.js:8750:28:8750:31""]] might later allow [[""cross-site scripting""|""relative:///dist/joint.js:21751:37:21751:88""]].","/dist/joint.js","8763","43","8763","46"
"Unsafe HTML constructed from library input","Using externally controlled strings to construct HTML might allow a malicious user to perform a cross-site scripting attack.","error","This HTML construction which depends on [[""library input""|""relative:///src/V/index.mjs:1922:40:1922:43""]] might later allow [[""cross-site scripting""|""relative:///src/V/index.mjs:1352:42:1352:45""]].
This HTML construction which depends on [[""library input""|""relative:///src/V/index.mjs:1973:42:1973:47""]] might later allow [[""cross-site scripting""|""relative:///src/V/index.mjs:1352:42:1352:45""]].
This HTML construction which depends on [[""library input""|""relative:///src/V/index.mjs:1992:43:1992:49""]] might later allow [[""cross-site scripting""|""relative:///src/V/index.mjs:1352:42:1352:45""]].
This HTML construction which depends on [[""library input""|""relative:///src/V/index.mjs:2013:40:2013:43""]] might later allow [[""cross-site scripting""|""relative:///src/V/index.mjs:1352:42:1352:45""]].
This HTML construction which depends on [[""library input""|""relative:///src/V/index.mjs:47:22:47:23""]] might later allow [[""cross-site scripting""|""relative:///src/V/index.mjs:1352:42:1352:45""]].
This HTML construction which depends on [[""library input""|""relative:///src/V/index.mjs:51:56:51:64""]] might later allow [[""cross-site scripting""|""relative:///src/V/index.mjs:1352:42:1352:45""]].
This HTML construction which depends on [[""library input""|""relative:///src/V/index.mjs:1267:36:1267:42""]] might later allow [[""cross-site scripting""|""relative:///src/V/index.mjs:1352:42:1352:45""]].","/src/V/index.mjs","1270","107","1270","113"
"Unsafe HTML constructed from library input","Using externally controlled strings to construct HTML might allow a malicious user to perform a cross-site scripting attack.","error","This XML parsing which depends on [[""library input""|""relative:///src/V/index.mjs:1922:40:1922:43""]] might later allow [[""cross-site scripting""|""relative:///src/V/index.mjs:435:34:435:42""]].
This XML parsing which depends on [[""library input""|""relative:///src/V/index.mjs:1922:40:1922:43""]] might later allow [[""cross-site scripting""|""relative:///src/V/index.mjs:742:35:742:50""]].
This XML parsing which depends on [[""library input""|""relative:///src/V/index.mjs:1922:40:1922:43""]] might later allow [[""cross-site scripting""|""relative:///src/V/index.mjs:774:36:774:44""]].
This XML parsing which depends on [[""library input""|""relative:///src/V/index.mjs:1922:40:1922:43""]] might later allow [[""cross-site scripting""|""relative:///src/dia/LinkView.mjs:298:34:298:46""]].
This XML parsing which depends on [[""library input""|""relative:///src/V/index.mjs:1922:40:1922:43""]] might later allow [[""cross-site scripting""|""relative:///src/dia/LinkView.mjs:489:23:489:31""]].
This XML parsing which depends on [[""library input""|""relative:///src/V/index.mjs:1922:40:1922:43""]] might later allow [[""cross-site scripting""|""relative:///src/dia/LinkView.mjs:506:27:506:36""]].
This XML parsing which depends on [[""library input""|""relative:///src/V/index.mjs:1922:40:1922:43""]] might later allow [[""cross-site scripting""|""relative:///src/dia/LinkView.mjs:525:36:525:87""]].
This XML parsing which depends on [[""library input""|""relative:///src/V/index.mjs:1922:40:1922:43""]] might later allow [[""cross-site scripting""|""relative:///src/util/util.mjs:472:35:472:45""]].
This XML parsing which depends on [[""library input""|""relative:///src/V/index.mjs:1973:42:1973:47""]] might later allow [[""cross-site scripting""|""relative:///src/V/index.mjs:435:34:435:42""]].
This XML parsing which depends on [[""library input""|""relative:///src/V/index.mjs:1973:42:1973:47""]] might later allow [[""cross-site scripting""|""relative:///src/V/index.mjs:742:35:742:50""]].
This XML parsing which depends on [[""library input""|""relative:///src/V/index.mjs:1973:42:1973:47""]] might later allow [[""cross-site scripting""|""relative:///src/V/index.mjs:774:36:774:44""]].
This XML parsing which depends on [[""library input""|""relative:///src/V/index.mjs:1973:42:1973:47""]] might later allow [[""cross-site scripting""|""relative:///src/dia/LinkView.mjs:298:34:298:46""]].
This XML parsing which depends on [[""library input""|""relative:///src/V/index.mjs:1973:42:1973:47""]] might later allow [[""cross-site scripting""|""relative:///src/dia/LinkView.mjs:489:23:489:31""]].
This XML parsing which depends on [[""library input""|""relative:///src/V/index.mjs:1973:42:1973:47""]] might later allow [[""cross-site scripting""|""relative:///src/dia/LinkView.mjs:506:27:506:36""]].
This XML parsing which depends on [[""library input""|""relative:///src/V/index.mjs:1973:42:1973:47""]] might later allow [[""cross-site scripting""|""relative:///src/dia/LinkView.mjs:525:36:525:87""]].
This XML parsing which depends on [[""library input""|""relative:///src/V/index.mjs:1973:42:1973:47""]] might later allow [[""cross-site scripting""|""relative:///src/util/util.mjs:472:35:472:45""]].
This XML parsing which depends on [[""library input""|""relative:///src/V/index.mjs:1992:43:1992:49""]] might later allow [[""cross-site scripting""|""relative:///src/V/index.mjs:435:34:435:42""]].
This XML parsing which depends on [[""library input""|""relative:///src/V/index.mjs:1992:43:1992:49""]] might later allow [[""cross-site scripting""|""relative:///src/V/index.mjs:742:35:742:50""]].
This XML parsing which depends on [[""library input""|""relative:///src/V/index.mjs:1992:43:1992:49""]] might later allow [[""cross-site scripting""|""relative:///src/V/index.mjs:774:36:774:44""]].
This XML parsing which depends on [[""library input""|""relative:///src/V/index.mjs:1992:43:1992:49""]] might later allow [[""cross-site scripting""|""relative:///src/dia/LinkView.mjs:298:34:298:46""]].
This XML parsing which depends on [[""library input""|""relative:///src/V/index.mjs:1992:43:1992:49""]] might later allow [[""cross-site scripting""|""relative:///src/dia/LinkView.mjs:489:23:489:31""]].
This XML parsing which depends on [[""library input""|""relative:///src/V/index.mjs:1992:43:1992:49""]] might later allow [[""cross-site scripting""|""relative:///src/dia/LinkView.mjs:506:27:506:36""]].
This XML parsing which depends on [[""library input""|""relative:///src/V/index.mjs:1992:43:1992:49""]] might later allow [[""cross-site scripting""|""relative:///src/dia/LinkView.mjs:525:36:525:87""]].
This XML parsing which depends on [[""library input""|""relative:///src/V/index.mjs:1992:43:1992:49""]] might later allow [[""cross-site scripting""|""relative:///src/util/util.mjs:472:35:472:45""]].
This XML parsing which depends on [[""library input""|""relative:///src/V/index.mjs:2013:40:2013:43""]] might later allow [[""cross-site scripting""|""relative:///src/V/index.mjs:435:34:435:42""]].
This XML parsing which depends on [[""library input""|""relative:///src/V/index.mjs:2013:40:2013:43""]] might later allow [[""cross-site scripting""|""relative:///src/V/index.mjs:742:35:742:50""]].
This XML parsing which depends on [[""library input""|""relative:///src/V/index.mjs:2013:40:2013:43""]] might later allow [[""cross-site scripting""|""relative:///src/V/index.mjs:774:36:774:44""]].
This XML parsing which depends on [[""library input""|""relative:///src/V/index.mjs:2013:40:2013:43""]] might later allow [[""cross-site scripting""|""relative:///src/dia/LinkView.mjs:298:34:298:46""]].
This XML parsing which depends on [[""library input""|""relative:///src/V/index.mjs:2013:40:2013:43""]] might later allow [[""cross-site scripting""|""relative:///src/dia/LinkView.mjs:489:23:489:31""]].
This XML parsing which depends on [[""library input""|""relative:///src/V/index.mjs:2013:40:2013:43""]] might later allow [[""cross-site scripting""|""relative:///src/dia/LinkView.mjs:506:27:506:36""]].
This XML parsing which depends on [[""library input""|""relative:///src/V/index.mjs:2013:40:2013:43""]] might later allow [[""cross-site scripting""|""relative:///src/dia/LinkView.mjs:525:36:525:87""]].
This XML parsing which depends on [[""library input""|""relative:///src/V/index.mjs:2013:40:2013:43""]] might later allow [[""cross-site scripting""|""relative:///src/util/util.mjs:472:35:472:45""]].
This XML parsing which depends on [[""library input""|""relative:///src/V/index.mjs:47:22:47:23""]] might later allow [[""cross-site scripting""|""relative:///src/V/index.mjs:435:34:435:42""]].
This XML parsing which depends on [[""library input""|""relative:///src/V/index.mjs:47:22:47:23""]] might later allow [[""cross-site scripting""|""relative:///src/V/index.mjs:742:35:742:50""]].
This XML parsing which depends on [[""library input""|""relative:///src/V/index.mjs:47:22:47:23""]] might later allow [[""cross-site scripting""|""relative:///src/V/index.mjs:774:36:774:44""]].
This XML parsing which depends on [[""library input""|""relative:///src/V/index.mjs:47:22:47:23""]] might later allow [[""cross-site scripting""|""relative:///src/dia/LinkView.mjs:298:34:298:46""]].
This XML parsing which depends on [[""library input""|""relative:///src/V/index.mjs:47:22:47:23""]] might later allow [[""cross-site scripting""|""relative:///src/dia/LinkView.mjs:489:23:489:31""]].
This XML parsing which depends on [[""library input""|""relative:///src/V/index.mjs:47:22:47:23""]] might later allow [[""cross-site scripting""|""relative:///src/dia/LinkView.mjs:506:27:506:36""]].
This XML parsing which depends on [[""library input""|""relative:///src/V/index.mjs:47:22:47:23""]] might later allow [[""cross-site scripting""|""relative:///src/dia/LinkView.mjs:525:36:525:87""]].
This XML parsing which depends on [[""library input""|""relative:///src/V/index.mjs:47:22:47:23""]] might later allow [[""cross-site scripting""|""relative:///src/util/util.mjs:472:35:472:45""]].
This XML parsing which depends on [[""library input""|""relative:///src/V/index.mjs:51:56:51:64""]] might later allow [[""cross-site scripting""|""relative:///src/V/index.mjs:435:34:435:42""]].
This XML parsing which depends on [[""library input""|""relative:///src/V/index.mjs:51:56:51:64""]] might later allow [[""cross-site scripting""|""relative:///src/V/index.mjs:742:35:742:50""]].
This XML parsing which depends on [[""library input""|""relative:///src/V/index.mjs:51:56:51:64""]] might later allow [[""cross-site scripting""|""relative:///src/V/index.mjs:774:36:774:44""]].
This XML parsing which depends on [[""library input""|""relative:///src/V/index.mjs:51:56:51:64""]] might later allow [[""cross-site scripting""|""relative:///src/dia/LinkView.mjs:298:34:298:46""]].
This XML parsing which depends on [[""library input""|""relative:///src/V/index.mjs:51:56:51:64""]] might later allow [[""cross-site scripting""|""relative:///src/dia/LinkView.mjs:489:23:489:31""]].
This XML parsing which depends on [[""library input""|""relative:///src/V/index.mjs:51:56:51:64""]] might later allow [[""cross-site scripting""|""relative:///src/dia/LinkView.mjs:506:27:506:36""]].
This XML parsing which depends on [[""library input""|""relative:///src/V/index.mjs:51:56:51:64""]] might later allow [[""cross-site scripting""|""relative:///src/dia/LinkView.mjs:525:36:525:87""]].
This XML parsing which depends on [[""library input""|""relative:///src/V/index.mjs:51:56:51:64""]] might later allow [[""cross-site scripting""|""relative:///src/util/util.mjs:472:35:472:45""]].
This XML parsing which depends on [[""library input""|""relative:///src/V/index.mjs:1267:36:1267:42""]] might later allow [[""cross-site scripting""|""relative:///src/V/index.mjs:435:34:435:42""]].
This XML parsing which depends on [[""library input""|""relative:///src/V/index.mjs:1267:36:1267:42""]] might later allow [[""cross-site scripting""|""relative:///src/V/index.mjs:742:35:742:50""]].
This XML parsing which depends on [[""library input""|""relative:///src/V/index.mjs:1267:36:1267:42""]] might later allow [[""cross-site scripting""|""relative:///src/V/index.mjs:774:36:774:44""]].
This XML parsing which depends on [[""library input""|""relative:///src/V/index.mjs:1267:36:1267:42""]] might later allow [[""cross-site scripting""|""relative:///src/dia/LinkView.mjs:298:34:298:46""]].
This XML parsing which depends on [[""library input""|""relative:///src/V/index.mjs:1267:36:1267:42""]] might later allow [[""cross-site scripting""|""relative:///src/dia/LinkView.mjs:489:23:489:31""]].
This XML parsing which depends on [[""library input""|""relative:///src/V/index.mjs:1267:36:1267:42""]] might later allow [[""cross-site scripting""|""relative:///src/dia/LinkView.mjs:506:27:506:36""]].
This XML parsing which depends on [[""library input""|""relative:///src/V/index.mjs:1267:36:1267:42""]] might later allow [[""cross-site scripting""|""relative:///src/dia/LinkView.mjs:525:36:525:87""]].
This XML parsing which depends on [[""library input""|""relative:///src/V/index.mjs:1267:36:1267:42""]] might later allow [[""cross-site scripting""|""relative:///src/util/util.mjs:472:35:472:45""]].
This XML parsing which depends on [[""library input""|""relative:///src/V/index.mjs:1339:27:1339:30""]] might later allow [[""cross-site scripting""|""relative:///src/V/index.mjs:435:34:435:42""]].
This XML parsing which depends on [[""library input""|""relative:///src/V/index.mjs:1339:27:1339:30""]] might later allow [[""cross-site scripting""|""relative:///src/V/index.mjs:742:35:742:50""]].
This XML parsing which depends on [[""library input""|""relative:///src/V/index.mjs:1339:27:1339:30""]] might later allow [[""cross-site scripting""|""relative:///src/V/index.mjs:774:36:774:44""]].
This XML parsing which depends on [[""library input""|""relative:///src/V/index.mjs:1339:27:1339:30""]] might later allow [[""cross-site scripting""|""relative:///src/dia/LinkView.mjs:298:34:298:46""]].
This XML parsing which depends on [[""library input""|""relative:///src/V/index.mjs:1339:27:1339:30""]] might later allow [[""cross-site scripting""|""relative:///src/dia/LinkView.mjs:489:23:489:31""]].
This XML parsing which depends on [[""library input""|""relative:///src/V/index.mjs:1339:27:1339:30""]] might later allow [[""cross-site scripting""|""relative:///src/dia/LinkView.mjs:506:27:506:36""]].
This XML parsing which depends on [[""library input""|""relative:///src/V/index.mjs:1339:27:1339:30""]] might later allow [[""cross-site scripting""|""relative:///src/dia/LinkView.mjs:525:36:525:87""]].
This XML parsing which depends on [[""library input""|""relative:///src/V/index.mjs:1339:27:1339:30""]] might later allow [[""cross-site scripting""|""relative:///src/util/util.mjs:472:35:472:45""]].","/src/V/index.mjs","1352","42","1352","45"
"Polynomial regular expression used on uncontrolled data","A regular expression that can require polynomial time to match may be vulnerable to denial-of-service attacks.","warning","This [[""regular expression""|""relative:///dist/joint.js:3268:36:3268:38""]] that depends on [[""library input""|""relative:///dist/joint.js:3249:26:3249:31""]] may run slow on strings with many repetitions of ' '.
This [[""regular expression""|""relative:///dist/joint.js:3268:36:3268:38""]] that depends on [[""library input""|""relative:///dist/joint.js:3262:28:3262:36""]] may run slow on strings with many repetitions of ' '.
This [[""regular expression""|""relative:///dist/joint.js:3268:36:3268:38""]] that depends on [[""library input""|""relative:///dist/joint.js:11847:22:11847:26""]] may run slow on strings with many repetitions of ' '.
This [[""regular expression""|""relative:///dist/joint.js:3268:36:3268:38""]] that depends on [[""library input""|""relative:///dist/joint.js:11858:22:11858:26""]] may run slow on strings with many repetitions of ' '.
This [[""regular expression""|""relative:///dist/joint.js:3268:36:3268:38""]] that depends on [[""library input""|""relative:///dist/joint.js:21112:52:21112:56""]] may run slow on strings with many repetitions of ' '.","/dist/joint.js","3268","19","3268","48"
"Polynomial regular expression used on uncontrolled data","A regular expression that can require polynomial time to match may be vulnerable to denial-of-service attacks.","warning","This [[""regular expression""|""relative:///dist/joint.js:8795:27:8795:29""]] that depends on [[""library input""|""relative:///dist/joint.js:8799:43:8799:51""]] may run slow on strings with many repetitions of 'a'.
This [[""regular expression""|""relative:///dist/joint.js:8795:44:8795:48""]] that depends on [[""library input""|""relative:///dist/joint.js:8799:43:8799:51""]] may run slow on strings starting with 'a((' and with many repetitions of '(('.
This [[""regular expression""|""relative:///dist/joint.js:8795:27:8795:29""]] that depends on [[""library input""|""relative:///dist/joint.js:8876:40:8876:48""]] may run slow on strings with many repetitions of 'a'.
This [[""regular expression""|""relative:///dist/joint.js:8795:44:8795:48""]] that depends on [[""library input""|""relative:///dist/joint.js:8876:40:8876:48""]] may run slow on strings starting with 'a((' and with many repetitions of '(('.","/dist/joint.js","8802","37","8802","69"
"Polynomial regular expression used on uncontrolled data","A regular expression that can require polynomial time to match may be vulnerable to denial-of-service attacks.","warning","This [[""regular expression""|""relative:///dist/joint.js:8908:68:8908:70""]] that depends on [[""library input""|""relative:///dist/joint.js:8876:40:8876:48""]] may run slow on strings starting with 'translate(' and with many repetitions of 'translate(a'.","/dist/joint.js","8908","39","8908","75"
"Polynomial regular expression used on uncontrolled data","A regular expression that can require polynomial time to match may be vulnerable to denial-of-service attacks.","warning","This [[""regular expression""|""relative:///dist/joint.js:8912:62:8912:64""]] that depends on [[""library input""|""relative:///dist/joint.js:8876:40:8876:48""]] may run slow on strings starting with 'rotate(' and with many repetitions of 'rotate(a'.","/dist/joint.js","8912","36","8912","69"
"Polynomial regular expression used on uncontrolled data","A regular expression that can require polynomial time to match may be vulnerable to denial-of-service attacks.","warning","This [[""regular expression""|""relative:///dist/joint.js:8916:60:8916:62""]] that depends on [[""library input""|""relative:///dist/joint.js:8876:40:8876:48""]] may run slow on strings starting with 'scale(' and with many repetitions of 'scale(a'.","/dist/joint.js","8916","35","8916","67"
"Polynomial regular expression used on uncontrolled data","A regular expression that can require polynomial time to match may be vulnerable to denial-of-service attacks.","warning","This [[""regular expression""|""relative:///dist/joint.js:11025:22:11025:27""]] that depends on [[""library input""|""relative:///dist/joint.js:11023:21:11023:21""]] may run slow on strings with many repetitions of '0'.
This [[""regular expression""|""relative:///dist/joint.js:11025:29:11025:34""]] that depends on [[""library input""|""relative:///dist/joint.js:11023:21:11023:21""]] may run slow on strings starting with 'a' and with many repetitions of '0'.","/dist/joint.js","11026","19","11026","27"
"Polynomial regular expression used on uncontrolled data","A regular expression that can require polynomial time to match may be vulnerable to denial-of-service attacks.","warning","This [[""regular expression""|""relative:///dist/joint.js:11025:22:11025:27""]] that depends on [[""library input""|""relative:///dist/joint.js:11023:24:11023:24""]] may run slow on strings with many repetitions of '0'.
This [[""regular expression""|""relative:///dist/joint.js:11025:29:11025:34""]] that depends on [[""library input""|""relative:///dist/joint.js:11023:24:11023:24""]] may run slow on strings starting with 'a' and with many repetitions of '0'.","/dist/joint.js","11027","19","11027","27"
"Polynomial regular expression used on uncontrolled data","A regular expression that can require polynomial time to match may be vulnerable to denial-of-service attacks.","warning","This [[""regular expression""|""relative:///dist/joint.js:11686:38:11686:42""]] that depends on [[""library input""|""relative:///dist/joint.js:12024:45:12024:49""]] may run slow on strings starting with 'calc(' and with many repetitions of 'calc(('.
This [[""regular expression""|""relative:///dist/joint.js:11686:38:11686:42""]] that depends on [[""library input""|""relative:///dist/joint.js:12062:46:12062:50""]] may run slow on strings starting with 'calc(' and with many repetitions of 'calc(('.","/dist/joint.js","11730","13","11732","7"
"Polynomial regular expression used on uncontrolled data","A regular expression that can require polynomial time to match may be vulnerable to denial-of-service attacks.","warning","This [[""regular expression""|""relative:///src/V/index.mjs:1384:26:1384:28""]] that depends on [[""library input""|""relative:///src/V/index.mjs:1388:42:1388:50""]] may run slow on strings with many repetitions of 'a'.
This [[""regular expression""|""relative:///src/V/index.mjs:1384:43:1384:47""]] that depends on [[""library input""|""relative:///src/V/index.mjs:1388:42:1388:50""]] may run slow on strings starting with 'a((' and with many repetitions of '(('.
This [[""regular expression""|""relative:///src/V/index.mjs:1384:26:1384:28""]] that depends on [[""library input""|""relative:///src/V/index.mjs:1465:39:1465:47""]] may run slow on strings with many repetitions of 'a'.
This [[""regular expression""|""relative:///src/V/index.mjs:1384:43:1384:47""]] that depends on [[""library input""|""relative:///src/V/index.mjs:1465:39:1465:47""]] may run slow on strings starting with 'a((' and with many repetitions of '(('.","/src/V/index.mjs","1391","36","1391","68"
"Polynomial regular expression used on uncontrolled data","A regular expression that can require polynomial time to match may be vulnerable to denial-of-service attacks.","warning","This [[""regular expression""|""relative:///src/V/index.mjs:1497:67:1497:69""]] that depends on [[""library input""|""relative:///src/V/index.mjs:1465:39:1465:47""]] may run slow on strings starting with 'translate(' and with many repetitions of 'translate(a'.","/src/V/index.mjs","1497","38","1497","74"
"Polynomial regular expression used on uncontrolled data","A regular expression that can require polynomial time to match may be vulnerable to denial-of-service attacks.","warning","This [[""regular expression""|""relative:///src/V/index.mjs:1501:61:1501:63""]] that depends on [[""library input""|""relative:///src/V/index.mjs:1465:39:1465:47""]] may run slow on strings starting with 'rotate(' and with many repetitions of 'rotate(a'.","/src/V/index.mjs","1501","35","1501","68"
"Polynomial regular expression used on uncontrolled data","A regular expression that can require polynomial time to match may be vulnerable to denial-of-service attacks.","warning","This [[""regular expression""|""relative:///src/V/index.mjs:1505:59:1505:61""]] that depends on [[""library input""|""relative:///src/V/index.mjs:1465:39:1465:47""]] may run slow on strings starting with 'scale(' and with many repetitions of 'scale(a'.","/src/V/index.mjs","1505","34","1505","66"
"Polynomial regular expression used on uncontrolled data","A regular expression that can require polynomial time to match may be vulnerable to denial-of-service attacks.","warning","This [[""regular expression""|""relative:///src/g/polyline.mjs:26:35:26:37""]] that depends on [[""library input""|""relative:///src/g/polyline.mjs:7:34:7:39""]] may run slow on strings with many repetitions of ' '.
This [[""regular expression""|""relative:///src/g/polyline.mjs:26:35:26:37""]] that depends on [[""library input""|""relative:///src/g/polyline.mjs:20:27:20:35""]] may run slow on strings with many repetitions of ' '.","/src/g/polyline.mjs","26","18","26","47"
