"Incomplete URL substring sanitization","Security checks on the substrings of an unparsed URL are often vulnerable to bypassing.","warning","'[[""http://getfirebug.com/releases/lite/""|""relative:///vendor/firebug-lite/src/firebug-lite-debug.js:552:48:552:60""]]' can be anywhere in the URL, and arbitrary hosts may come before or after it.","/vendor/firebug-lite/src/firebug-lite-debug.js","552","35","552","67"
"Incomplete string escaping or encoding","A string transformer that does not replace or escape all occurrences of a meta-character may be ineffective.","warning","This does not escape backslash characters in the input.","/vendor/firebug-lite/src/firebug-lite-debug.js","14966","31","14966","42"
"Bad HTML filtering regexp","Matching HTML tags using regular expressions is hard to do right, and can easily lead to security issues.","warning","This regular expression only parses --> and not --!> as a HTML comment end tag.","/lib/main/build-site.js","178","15","178","32"
"Incomplete multi-character sanitization","A sanitizer that removes a sequence of characters may reintroduce the dangerous sequence.","warning","This string may still contain [[""<script""|""relative:///vendor/firebug-lite/src/firebug-lite-debug.js:19693:29:19693:35""]], which may cause an HTML element injection vulnerability.","/vendor/firebug-lite/src/firebug-lite-debug.js","19695","20","19695","45"
"Prototype-polluting assignment","Modifying an object obtained via a user-controlled property name may lead to accidental mutation of the built-in Object prototype, and possibly escalate to remote code execution or cross-site scripting.","warning","This assignment may alter Object.prototype if a malicious '__proto__' string is injected from [[""library input""|""relative:///lodash.js:13197:26:13197:29""]].
This assignment may alter Object.prototype if a malicious '__proto__' string is injected from [[""library input""|""relative:///lodash.js:13227:28:13227:31""]].
This assignment may alter Object.prototype if a malicious '__proto__' string is injected from [[""library input""|""relative:///lodash.js:13662:29:13662:32""]].","/lodash.js","6024","9","6024","13"
"Prototype-polluting assignment","Modifying an object obtained via a user-controlled property name may lead to accidental mutation of the built-in Object prototype, and possibly escalate to remote code execution or cross-site scripting.","warning","This assignment may alter Object.prototype if a malicious '__proto__' string is injected from [[""library input""|""relative:///lodash.js:13197:26:13197:29""]].
This assignment may alter Object.prototype if a malicious '__proto__' string is injected from [[""library input""|""relative:///lodash.js:13227:28:13227:31""]].
This assignment may alter Object.prototype if a malicious '__proto__' string is injected from [[""library input""|""relative:///lodash.js:13662:29:13662:32""]].","/lodash.js","6031","11","6031","15"
"Prototype-polluting assignment","Modifying an object obtained via a user-controlled property name may lead to accidental mutation of the built-in Object prototype, and possibly escalate to remote code execution or cross-site scripting.","warning","This assignment may alter Object.prototype if a malicious '__proto__' string is injected from [[""library input""|""relative:///lodash.js:13197:26:13197:29""]].
This assignment may alter Object.prototype if a malicious '__proto__' string is injected from [[""library input""|""relative:///lodash.js:13227:28:13227:31""]].
This assignment may alter Object.prototype if a malicious '__proto__' string is injected from [[""library input""|""relative:///lodash.js:13662:29:13662:32""]].","/lodash.js","6033","18","6033","22"
"Regular expression injection","User input should not be used in regular expressions without first being escaped, otherwise a malicious user may be able to inject an expression that could require exponential time on certain inputs.","error","This regular expression is constructed from a [[""command-line argument""|""relative:///test/remove.js:8:20:8:31""]].","/test/remove.js","19","17","19","42"
"DOM text reinterpreted as HTML","Reinterpreting text from the DOM as HTML can lead to a cross-site scripting vulnerability.","warning","[[""DOM text""|""relative:///perf/asset/perf-ui.js:33:46:33:72""]] is reinterpreted as HTML without escaping meta-characters.
[[""DOM text""|""relative:///perf/asset/perf-ui.js:34:46:34:72""]] is reinterpreted as HTML without escaping meta-characters.","/perf/asset/perf-ui.js","31","9","34","73"
"DOM text reinterpreted as HTML","Reinterpreting text from the DOM as HTML can lead to a cross-site scripting vulnerability.","warning","[[""DOM text""|""relative:///test/asset/test-ui.js:33:46:33:72""]] is reinterpreted as HTML without escaping meta-characters.
[[""DOM text""|""relative:///test/asset/test-ui.js:34:49:34:77""]] is reinterpreted as HTML without escaping meta-characters.","/test/asset/test-ui.js","31","9","34","78"
"Polynomial regular expression used on uncontrolled data","A regular expression that can require polynomial time to match may be vulnerable to denial-of-service attacks.","warning","This [[""regular expression""|""relative:///lodash.js:191:18:191:20""]] that depends on [[""library input""|""relative:///lodash.js:4852:35:4852:42""]] may run slow on strings with many repetitions of 'a'.
This [[""regular expression""|""relative:///lodash.js:191:18:191:20""]] that depends on [[""library input""|""relative:///lodash.js:5085:35:5085:43""]] may run slow on strings with many repetitions of 'a'.
This [[""regular expression""|""relative:///lodash.js:191:18:191:20""]] that depends on [[""library input""|""relative:///lodash.js:7161:36:7161:44""]] may run slow on strings with many repetitions of 'a'.
This [[""regular expression""|""relative:///lodash.js:191:18:191:20""]] that depends on [[""library input""|""relative:///lodash.js:7202:31:7202:39""]] may run slow on strings with many repetitions of 'a'.
This [[""regular expression""|""relative:///lodash.js:191:18:191:20""]] that depends on [[""library input""|""relative:///lodash.js:7284:31:7284:39""]] may run slow on strings with many repetitions of 'a'.
This [[""regular expression""|""relative:///lodash.js:191:18:191:20""]] that depends on [[""library input""|""relative:///lodash.js:7331:35:7331:43""]] may run slow on strings with many repetitions of 'a'.
This [[""regular expression""|""relative:///lodash.js:191:18:191:20""]] that depends on [[""library input""|""relative:///lodash.js:7784:39:7784:46""]] may run slow on strings with many repetitions of 'a'.
This [[""regular expression""|""relative:///lodash.js:191:18:191:20""]] that depends on [[""library input""|""relative:///lodash.js:7882:21:7882:25""]] may run slow on strings with many repetitions of 'a'.
This [[""regular expression""|""relative:///lodash.js:191:18:191:20""]] that depends on [[""library input""|""relative:///lodash.js:7882:28:7882:36""]] may run slow on strings with many repetitions of 'a'.
This [[""regular expression""|""relative:///lodash.js:191:18:191:20""]] that depends on [[""library input""|""relative:///lodash.js:8008:42:8008:49""]] may run slow on strings with many repetitions of 'a'.
This [[""regular expression""|""relative:///lodash.js:191:18:191:20""]] that depends on [[""library input""|""relative:///lodash.js:8086:46:8086:53""]] may run slow on strings with many repetitions of 'a'.
This [[""regular expression""|""relative:///lodash.js:191:18:191:20""]] that depends on [[""library input""|""relative:///lodash.js:8154:34:8154:41""]] may run slow on strings with many repetitions of 'a'.
This [[""regular expression""|""relative:///lodash.js:191:18:191:20""]] that depends on [[""library input""|""relative:///lodash.js:8282:36:8282:44""]] may run slow on strings with many repetitions of 'a'.
This [[""regular expression""|""relative:///lodash.js:191:18:191:20""]] that depends on [[""library input""|""relative:///lodash.js:8323:31:8323:39""]] may run slow on strings with many repetitions of 'a'.
This [[""regular expression""|""relative:///lodash.js:191:18:191:20""]] that depends on [[""library input""|""relative:///lodash.js:8452:28:8452:35""]] may run slow on strings with many repetitions of 'a'.
This [[""regular expression""|""relative:///lodash.js:191:18:191:20""]] that depends on [[""library input""|""relative:///lodash.js:9161:32:9161:40""]] may run slow on strings with many repetitions of 'a'.
This [[""regular expression""|""relative:///lodash.js:191:18:191:20""]] that depends on [[""library input""|""relative:///lodash.js:9210:33:9210:41""]] may run slow on strings with many repetitions of 'a'.
This [[""regular expression""|""relative:///lodash.js:191:18:191:20""]] that depends on [[""library input""|""relative:///lodash.js:9295:34:9295:41""]] may run slow on strings with many repetitions of 'a'.
This [[""regular expression""|""relative:///lodash.js:191:18:191:20""]] that depends on [[""library input""|""relative:///lodash.js:9319:38:9319:45""]] may run slow on strings with many repetitions of 'a'.
This [[""regular expression""|""relative:///lodash.js:191:18:191:20""]] that depends on [[""library input""|""relative:///lodash.js:9344:39:9344:46""]] may run slow on strings with many repetitions of 'a'.
This [[""regular expression""|""relative:///lodash.js:191:18:191:20""]] that depends on [[""library input""|""relative:///lodash.js:9379:34:9379:41""]] may run slow on strings with many repetitions of 'a'.
This [[""regular expression""|""relative:///lodash.js:191:18:191:20""]] that depends on [[""library input""|""relative:///lodash.js:9404:39:9404:46""]] may run slow on strings with many repetitions of 'a'.
This [[""regular expression""|""relative:///lodash.js:191:18:191:20""]] that depends on [[""library input""|""relative:///lodash.js:9591:30:9591:37""]] may run slow on strings with many repetitions of 'a'.
This [[""regular expression""|""relative:///lodash.js:191:18:191:20""]] that depends on [[""library input""|""relative:///lodash.js:9716:33:9716:40""]] may run slow on strings with many repetitions of 'a'.
This [[""regular expression""|""relative:///lodash.js:191:18:191:20""]] that depends on [[""library input""|""relative:///lodash.js:9745:38:9745:45""]] may run slow on strings with many repetitions of 'a'.
This [[""regular expression""|""relative:///lodash.js:191:18:191:20""]] that depends on [[""library input""|""relative:///lodash.js:9786:33:9786:41""]] may run slow on strings with many repetitions of 'a'.
This [[""regular expression""|""relative:///lodash.js:191:18:191:20""]] that depends on [[""library input""|""relative:///lodash.js:9931:31:9931:39""]] may run slow on strings with many repetitions of 'a'.
This [[""regular expression""|""relative:///lodash.js:191:18:191:20""]] that depends on [[""library input""|""relative:///lodash.js:11068:20:11068:24""]] may run slow on strings with many repetitions of 'a'.
This [[""regular expression""|""relative:///lodash.js:191:18:191:20""]] that depends on [[""library input""|""relative:///lodash.js:11103:24:11103:28""]] may run slow on strings with many repetitions of 'a'.
This [[""regular expression""|""relative:///lodash.js:191:18:191:20""]] that depends on [[""library input""|""relative:///lodash.js:11126:24:11126:28""]] may run slow on strings with many repetitions of 'a'.
This [[""regular expression""|""relative:///lodash.js:191:18:191:20""]] that depends on [[""library input""|""relative:///lodash.js:11158:28:11158:32""]] may run slow on strings with many repetitions of 'a'.
This [[""regular expression""|""relative:///lodash.js:191:18:191:20""]] that depends on [[""library input""|""relative:///lodash.js:12915:30:12915:38""]] may run slow on strings with many repetitions of 'a'.
This [[""regular expression""|""relative:///lodash.js:191:18:191:20""]] that depends on [[""library input""|""relative:///lodash.js:12954:34:12954:42""]] may run slow on strings with many repetitions of 'a'.
This [[""regular expression""|""relative:///lodash.js:191:18:191:20""]] that depends on [[""library input""|""relative:///lodash.js:12986:28:12986:35""]] may run slow on strings with many repetitions of 'a'.
This [[""regular expression""|""relative:///lodash.js:191:18:191:20""]] that depends on [[""library input""|""relative:///lodash.js:13018:33:13018:40""]] may run slow on strings with many repetitions of 'a'.
This [[""regular expression""|""relative:///lodash.js:191:18:191:20""]] that depends on [[""library input""|""relative:///lodash.js:13052:29:13052:36""]] may run slow on strings with many repetitions of 'a'.
This [[""regular expression""|""relative:///lodash.js:191:18:191:20""]] that depends on [[""library input""|""relative:///lodash.js:13082:34:13082:41""]] may run slow on strings with many repetitions of 'a'.
This [[""regular expression""|""relative:///lodash.js:191:18:191:20""]] that depends on [[""library input""|""relative:///lodash.js:13397:30:13397:37""]] may run slow on strings with many repetitions of 'a'.
This [[""regular expression""|""relative:///lodash.js:191:18:191:20""]] that depends on [[""library input""|""relative:///lodash.js:13435:32:13435:39""]] may run slow on strings with many repetitions of 'a'.
This [[""regular expression""|""relative:///lodash.js:191:18:191:20""]] that depends on [[""library input""|""relative:///lodash.js:13577:21:13577:26""]] may run slow on strings with many repetitions of 'a'.
This [[""regular expression""|""relative:///lodash.js:191:18:191:20""]] that depends on [[""library input""|""relative:///lodash.js:13577:29:13577:37""]] may run slow on strings with many repetitions of 'a'.
This [[""regular expression""|""relative:///lodash.js:191:18:191:20""]] that depends on [[""library input""|""relative:///lodash.js:13620:21:13620:26""]] may run slow on strings with many repetitions of 'a'.
This [[""regular expression""|""relative:///lodash.js:191:18:191:20""]] that depends on [[""library input""|""relative:///lodash.js:13620:29:13620:37""]] may run slow on strings with many repetitions of 'a'.
This [[""regular expression""|""relative:///lodash.js:191:18:191:20""]] that depends on [[""library input""|""relative:///lodash.js:13827:32:13827:39""]] may run slow on strings with many repetitions of 'a'.
This [[""regular expression""|""relative:///lodash.js:191:18:191:20""]] that depends on [[""library input""|""relative:///lodash.js:13827:42:13827:52""]] may run slow on strings with many repetitions of 'a'.
This [[""regular expression""|""relative:///lodash.js:191:18:191:20""]] that depends on [[""library input""|""relative:///lodash.js:15412:23:15412:28""]] may run slow on strings with many repetitions of 'a'.
This [[""regular expression""|""relative:///lodash.js:191:18:191:20""]] that depends on [[""library input""|""relative:///lodash.js:15574:23:15574:26""]] may run slow on strings with many repetitions of 'a'.
This [[""regular expression""|""relative:///lodash.js:191:18:191:20""]] that depends on [[""library input""|""relative:///lodash.js:15613:22:15613:27""]] may run slow on strings with many repetitions of 'a'.
This [[""regular expression""|""relative:///lodash.js:191:18:191:20""]] that depends on [[""library input""|""relative:///lodash.js:15650:36:15650:43""]] may run slow on strings with many repetitions of 'a'.
This [[""regular expression""|""relative:///lodash.js:191:18:191:20""]] that depends on [[""library input""|""relative:///lodash.js:16179:23:16179:30""]] may run slow on strings with many repetitions of 'a'.
This [[""regular expression""|""relative:///lodash.js:191:18:191:20""]] that depends on [[""library input""|""relative:///lodash.js:16376:27:16376:34""]] may run slow on strings with many repetitions of 'a'.
This [[""regular expression""|""relative:///lodash.js:191:18:191:20""]] that depends on [[""library input""|""relative:///lodash.js:16423:28:16423:35""]] may run slow on strings with many repetitions of 'a'.
This [[""regular expression""|""relative:///lodash.js:191:18:191:20""]] that depends on [[""library input""|""relative:///lodash.js:16474:27:16474:34""]] may run slow on strings with many repetitions of 'a'.
This [[""regular expression""|""relative:///lodash.js:191:18:191:20""]] that depends on [[""library input""|""relative:///lodash.js:16584:27:16584:34""]] may run slow on strings with many repetitions of 'a'.","/lodash.js","4584","58","4584","77"
"Polynomial regular expression used on uncontrolled data","A regular expression that can require polynomial time to match may be vulnerable to denial-of-service attacks.","warning","This [[""regular expression""|""relative:///lodash.js:157:22:157:24""]] that depends on [[""library input""|""relative:///lodash.js:5363:23:5363:27""]] may run slow on strings with many repetitions of ' '.
This [[""regular expression""|""relative:///lodash.js:157:22:157:24""]] that depends on [[""library input""|""relative:///lodash.js:5363:30:5363:32""]] may run slow on strings with many repetitions of ' '.
This [[""regular expression""|""relative:///lodash.js:157:22:157:24""]] that depends on [[""library input""|""relative:///lodash.js:5363:35:5363:38""]] may run slow on strings with many repetitions of ' '.
This [[""regular expression""|""relative:///lodash.js:157:22:157:24""]] that depends on [[""library input""|""relative:///lodash.js:5388:23:5388:27""]] may run slow on strings with many repetitions of ' '.
This [[""regular expression""|""relative:///lodash.js:157:22:157:24""]] that depends on [[""library input""|""relative:///lodash.js:5388:30:5388:34""]] may run slow on strings with many repetitions of ' '.
This [[""regular expression""|""relative:///lodash.js:157:22:157:24""]] that depends on [[""library input""|""relative:///lodash.js:5449:23:5449:28""]] may run slow on strings with many repetitions of ' '.
This [[""regular expression""|""relative:///lodash.js:157:22:157:24""]] that depends on [[""library input""|""relative:///lodash.js:5449:31:5449:39""]] may run slow on strings with many repetitions of ' '.
This [[""regular expression""|""relative:///lodash.js:157:22:157:24""]] that depends on [[""library input""|""relative:///lodash.js:6874:27:6874:30""]] may run slow on strings with many repetitions of ' '.
This [[""regular expression""|""relative:///lodash.js:157:22:157:24""]] that depends on [[""library input""|""relative:///lodash.js:7082:26:7082:26""]] may run slow on strings with many repetitions of ' '.
This [[""regular expression""|""relative:///lodash.js:157:22:157:24""]] that depends on [[""library input""|""relative:///lodash.js:7116:31:7116:31""]] may run slow on strings with many repetitions of ' '.
This [[""regular expression""|""relative:///lodash.js:157:22:157:24""]] that depends on [[""library input""|""relative:///lodash.js:7237:19:7237:23""]] may run slow on strings with many repetitions of ' '.
This [[""regular expression""|""relative:///lodash.js:157:22:157:24""]] that depends on [[""library input""|""relative:///lodash.js:7237:33:7237:37""]] may run slow on strings with many repetitions of ' '.
This [[""regular expression""|""relative:///lodash.js:157:22:157:24""]] that depends on [[""library input""|""relative:///lodash.js:7237:40:7237:42""]] may run slow on strings with many repetitions of ' '.
This [[""regular expression""|""relative:///lodash.js:157:22:157:24""]] that depends on [[""library input""|""relative:///lodash.js:7284:42:7284:50""]] may run slow on strings with many repetitions of ' '.
This [[""regular expression""|""relative:///lodash.js:157:22:157:24""]] that depends on [[""library input""|""relative:///lodash.js:7331:46:7331:54""]] may run slow on strings with many repetitions of ' '.
This [[""regular expression""|""relative:///lodash.js:157:22:157:24""]] that depends on [[""library input""|""relative:///lodash.js:7404:34:7404:38""]] may run slow on strings with many repetitions of ' '.
This [[""regular expression""|""relative:///lodash.js:157:22:157:24""]] that depends on [[""library input""|""relative:///lodash.js:7485:36:7485:44""]] may run slow on strings with many repetitions of ' '.
This [[""regular expression""|""relative:///lodash.js:157:22:157:24""]] that depends on [[""library input""|""relative:///lodash.js:7670:40:7670:48""]] may run slow on strings with many repetitions of ' '.
This [[""regular expression""|""relative:///lodash.js:157:22:157:24""]] that depends on [[""library input""|""relative:///lodash.js:7706:25:7706:25""]] may run slow on strings with many repetitions of ' '.
This [[""regular expression""|""relative:///lodash.js:157:22:157:24""]] that depends on [[""library input""|""relative:///lodash.js:7946:27:7946:31""]] may run slow on strings with many repetitions of ' '.
This [[""regular expression""|""relative:///lodash.js:157:22:157:24""]] that depends on [[""library input""|""relative:///lodash.js:7946:34:7946:36""]] may run slow on strings with many repetitions of ' '.
This [[""regular expression""|""relative:///lodash.js:157:22:157:24""]] that depends on [[""library input""|""relative:///lodash.js:8204:26:8204:26""]] may run slow on strings with many repetitions of ' '.
This [[""regular expression""|""relative:///lodash.js:157:22:157:24""]] that depends on [[""library input""|""relative:///lodash.js:8237:31:8237:31""]] may run slow on strings with many repetitions of ' '.
This [[""regular expression""|""relative:///lodash.js:157:22:157:24""]] that depends on [[""library input""|""relative:///lodash.js:9344:49:9344:53""]] may run slow on strings with many repetitions of ' '.
This [[""regular expression""|""relative:///lodash.js:157:22:157:24""]] that depends on [[""library input""|""relative:///lodash.js:9470:42:9470:50""]] may run slow on strings with many repetitions of ' '.
This [[""regular expression""|""relative:///lodash.js:157:22:157:24""]] that depends on [[""library input""|""relative:///lodash.js:9830:37:9830:37""]] may run slow on strings with many repetitions of ' '.
This [[""regular expression""|""relative:///lodash.js:157:22:157:24""]] that depends on [[""library input""|""relative:///lodash.js:10029:20:10029:20""]] may run slow on strings with many repetitions of ' '.
This [[""regular expression""|""relative:///lodash.js:157:22:157:24""]] that depends on [[""library input""|""relative:///lodash.js:10058:18:10058:21""]] may run slow on strings with many repetitions of ' '.
This [[""regular expression""|""relative:///lodash.js:157:22:157:24""]] that depends on [[""library input""|""relative:///lodash.js:10058:24:10058:24""]] may run slow on strings with many repetitions of ' '.
This [[""regular expression""|""relative:///lodash.js:157:22:157:24""]] that depends on [[""library input""|""relative:///lodash.js:10081:21:10081:21""]] may run slow on strings with many repetitions of ' '.
This [[""regular expression""|""relative:///lodash.js:157:22:157:24""]] that depends on [[""library input""|""relative:///lodash.js:10237:26:10237:30""]] may run slow on strings with many repetitions of ' '.
This [[""regular expression""|""relative:///lodash.js:157:22:157:24""]] that depends on [[""library input""|""relative:///lodash.js:10282:31:10282:35""]] may run slow on strings with many repetitions of ' '.
This [[""regular expression""|""relative:///lodash.js:157:22:157:24""]] that depends on [[""library input""|""relative:///lodash.js:10343:29:10343:32""]] may run slow on strings with many repetitions of ' '.
This [[""regular expression""|""relative:///lodash.js:157:22:157:24""]] that depends on [[""library input""|""relative:///lodash.js:10343:35:10343:41""]] may run slow on strings with many repetitions of ' '.
This [[""regular expression""|""relative:///lodash.js:157:22:157:24""]] that depends on [[""library input""|""relative:///lodash.js:10834:25:10834:29""]] may run slow on strings with many repetitions of ' '.
This [[""regular expression""|""relative:///lodash.js:157:22:157:24""]] that depends on [[""library input""|""relative:///lodash.js:10876:27:10876:31""]] may run slow on strings with many repetitions of ' '.
This [[""regular expression""|""relative:///lodash.js:157:22:157:24""]] that depends on [[""library input""|""relative:///lodash.js:10936:29:10936:32""]] may run slow on strings with many repetitions of ' '.
This [[""regular expression""|""relative:///lodash.js:157:22:157:24""]] that depends on [[""library input""|""relative:///lodash.js:10969:20:10969:23""]] may run slow on strings with many repetitions of ' '.
This [[""regular expression""|""relative:///lodash.js:157:22:157:24""]] that depends on [[""library input""|""relative:///lodash.js:11722:24:11722:28""]] may run slow on strings with many repetitions of ' '.
This [[""regular expression""|""relative:///lodash.js:157:22:157:24""]] that depends on [[""library input""|""relative:///lodash.js:12134:28:12134:32""]] may run slow on strings with many repetitions of ' '.
This [[""regular expression""|""relative:///lodash.js:157:22:157:24""]] that depends on [[""library input""|""relative:///lodash.js:12397:23:12397:27""]] may run slow on strings with many repetitions of ' '.
This [[""regular expression""|""relative:///lodash.js:157:22:157:24""]] that depends on [[""library input""|""relative:///lodash.js:12435:24:12435:28""]] may run slow on strings with many repetitions of ' '.
This [[""regular expression""|""relative:///lodash.js:157:22:157:24""]] that depends on [[""library input""|""relative:///lodash.js:12469:23:12469:27""]] may run slow on strings with many repetitions of ' '.
This [[""regular expression""|""relative:///lodash.js:157:22:157:24""]] that depends on [[""library input""|""relative:///lodash.js:12496:23:12496:27""]] may run slow on strings with many repetitions of ' '.
This [[""regular expression""|""relative:///lodash.js:157:22:157:24""]] that depends on [[""library input""|""relative:///lodash.js:12569:28:12569:32""]] may run slow on strings with many repetitions of ' '.
This [[""regular expression""|""relative:///lodash.js:157:22:157:24""]] that depends on [[""library input""|""relative:///lodash.js:14020:20:14020:25""]] may run slow on strings with many repetitions of ' '.
This [[""regular expression""|""relative:///lodash.js:157:22:157:24""]] that depends on [[""library input""|""relative:///lodash.js:14020:28:14020:32""]] may run slow on strings with many repetitions of ' '.
This [[""regular expression""|""relative:///lodash.js:157:22:157:24""]] that depends on [[""library input""|""relative:///lodash.js:14020:35:14020:39""]] may run slow on strings with many repetitions of ' '.
This [[""regular expression""|""relative:///lodash.js:157:22:157:24""]] that depends on [[""library input""|""relative:///lodash.js:14074:22:14074:27""]] may run slow on strings with many repetitions of ' '.
This [[""regular expression""|""relative:///lodash.js:157:22:157:24""]] that depends on [[""library input""|""relative:///lodash.js:14074:30:14074:34""]] may run slow on strings with many repetitions of ' '.
This [[""regular expression""|""relative:///lodash.js:157:22:157:24""]] that depends on [[""library input""|""relative:///lodash.js:14074:37:14074:39""]] may run slow on strings with many repetitions of ' '.
This [[""regular expression""|""relative:///lodash.js:157:22:157:24""]] that depends on [[""library input""|""relative:///lodash.js:14117:21:14117:25""]] may run slow on strings with many repetitions of ' '.
This [[""regular expression""|""relative:///lodash.js:157:22:157:24""]] that depends on [[""library input""|""relative:///lodash.js:14117:28:14117:32""]] may run slow on strings with many repetitions of ' '.
This [[""regular expression""|""relative:///lodash.js:157:22:157:24""]] that depends on [[""library input""|""relative:///lodash.js:14248:39:14248:46""]] may run slow on strings with many repetitions of ' '.
This [[""regular expression""|""relative:///lodash.js:157:22:157:24""]] that depends on [[""library input""|""relative:///lodash.js:14410:26:14410:31""]] may run slow on strings with many repetitions of ' '.
This [[""regular expression""|""relative:///lodash.js:157:22:157:24""]] that depends on [[""library input""|""relative:///lodash.js:14449:29:14449:34""]] may run slow on strings with many repetitions of ' '.
This [[""regular expression""|""relative:///lodash.js:157:22:157:24""]] that depends on [[""library input""|""relative:///lodash.js:14482:31:14482:36""]] may run slow on strings with many repetitions of ' '.
This [[""regular expression""|""relative:///lodash.js:157:22:157:24""]] that depends on [[""library input""|""relative:///lodash.js:14547:29:14547:29""]] may run slow on strings with many repetitions of ' '.
This [[""regular expression""|""relative:///lodash.js:157:22:157:24""]] that depends on [[""library input""|""relative:///lodash.js:14695:41:14695:48""]] may run slow on strings with many repetitions of ' '.
This [[""regular expression""|""relative:///lodash.js:157:22:157:24""]] that depends on [[""library input""|""relative:///lodash.js:15117:31:15117:37""]] may run slow on strings with many repetitions of ' '.
This [[""regular expression""|""relative:///lodash.js:157:22:157:24""]] that depends on [[""library input""|""relative:///lodash.js:15841:21:15841:21""]] may run slow on strings with many repetitions of ' '.
This [[""regular expression""|""relative:///lodash.js:157:22:157:24""]] that depends on [[""library input""|""relative:///lodash.js:16179:20:16179:20""]] may run slow on strings with many repetitions of ' '.","/lodash.js","12510","15","12510","39"
"Polynomial regular expression used on uncontrolled data","A regular expression that can require polynomial time to match may be vulnerable to denial-of-service attacks.","warning","This [[""regular expression""|""relative:///lodash.js:157:22:157:24""]] that depends on [[""library input""|""relative:///lodash.js:14998:19:14998:24""]] may run slow on strings with many repetitions of ' '.","/lodash.js","15001","16","15001","41"
"Polynomial regular expression used on uncontrolled data","A regular expression that can require polynomial time to match may be vulnerable to denial-of-service attacks.","warning","This [[""regular expression""|""relative:///lodash.js:159:20:159:22""]] that depends on [[""library input""|""relative:///lodash.js:15033:22:15033:27""]] may run slow on strings with many repetitions of ' '.","/lodash.js","15036","16","15036","44"
"Polynomial regular expression used on uncontrolled data","A regular expression that can require polynomial time to match may be vulnerable to denial-of-service attacks.","warning","This [[""regular expression""|""relative:///lodash.js:191:18:191:20""]] that depends on [[""library input""|""relative:///lodash.js:15117:31:15117:37""]] may run slow on strings with many repetitions of 'a'.","/lodash.js","15156","59","15156","81"
