"Incomplete regular expression for hostnames","Matching a URL or hostname against a regular expression that contains an unescaped dot as part of the hostname might match more hostnames than expected.","warning","This regular expression has an unrestricted wildcard '.*' which may cause 'github.com' to be matched anywhere in the URL, outside the hostname.","/lib/services/codebuild.js","40","12","40","26"
"Unsafe shell command constructed from library input","Using externally controlled strings in a command line may allow a malicious user to change the meaning of the command.","error","This path concatenation which depends on [[""library input""|""relative:///lib/codecov.js:237:23:237:26""]] is later used in a [[""shell command""|""relative:///lib/codecov.js:417:7:417:20""]].
This path concatenation which depends on [[""library input""|""relative:///lib/codecov.js:237:23:237:26""]] is later used in a [[""shell command""|""relative:///lib/codecov.js:478:16:478:72""]].","/lib/codecov.js","354","27","354","64"
"Unsafe shell command constructed from library input","Using externally controlled strings in a command line may allow a malicious user to change the meaning of the command.","error","This string concatenation which depends on [[""library input""|""relative:///lib/codecov.js:237:23:237:26""]] is later used in a [[""shell command""|""relative:///lib/codecov.js:417:7:417:20""]].
This string concatenation which depends on [[""library input""|""relative:///lib/codecov.js:237:23:237:26""]] is later used in a [[""shell command""|""relative:///lib/codecov.js:417:7:417:20""]].
This string concatenation which depends on [[""library input""|""relative:///lib/codecov.js:237:23:237:26""]] is later used in a [[""shell command""|""relative:///lib/codecov.js:417:7:417:20""]].
This string concatenation which depends on [[""library input""|""relative:///lib/codecov.js:237:23:237:26""]] is later used in a [[""shell command""|""relative:///lib/codecov.js:417:7:417:20""]].","/lib/codecov.js","394","11","402","17"
"Unsafe shell command constructed from library input","Using externally controlled strings in a command line may allow a malicious user to change the meaning of the command.","error","This string concatenation which depends on [[""library input""|""relative:///lib/codecov.js:237:23:237:26""]] is later used in a [[""shell command""|""relative:///lib/codecov.js:417:7:417:20""]].
This string concatenation which depends on [[""library input""|""relative:///lib/codecov.js:237:23:237:26""]] is later used in a [[""shell command""|""relative:///lib/codecov.js:417:7:417:20""]].
This string concatenation which depends on [[""library input""|""relative:///lib/codecov.js:237:23:237:26""]] is later used in a [[""shell command""|""relative:///lib/codecov.js:417:7:417:20""]].","/lib/codecov.js","407","11","413","15"
"Unsafe shell command constructed from library input","Using externally controlled strings in a command line may allow a malicious user to change the meaning of the command.","error","This string concatenation which depends on [[""library input""|""relative:///lib/codecov.js:237:23:237:26""]] is later used in a [[""shell command""|""relative:///lib/codecov.js:478:16:478:72""]].","/lib/codecov.js","478","25","478","71"
"Shell command built from environment values","Building a shell command string with values from the enclosing environment may cause subtle bugs or vulnerabilities.","warning","This shell command depends on an uncontrolled [[""absolute path""|""relative:///lib/codecov.js:354:14:354:65""]].","/lib/codecov.js","417","16","417","19"
"Shell command built from environment values","Building a shell command string with values from the enclosing environment may cause subtle bugs or vulnerabilities.","warning","This shell command depends on an uncontrolled [[""absolute path""|""relative:///lib/codecov.js:354:14:354:65""]].","/lib/codecov.js","478","25","478","71"
