"Inclusion of functionality from an untrusted source","Including functionality from an untrusted source may allow an attacker to control the functionality and execute arbitrary code.","warning","Script loaded from content delivery network with no integrity check.","/test/views/layout.html","12","2","12","84"
"Overly permissive regular expression range","Overly permissive regular expression ranges match a wider range of characters than intended. This may allow an attacker to bypass a filter or sanitizer.","warning","Suspicious character range that overlaps with \u00e1-\u017e in the same character class.","/utils.js","68","34","68","36"
"Disabling certificate validation","Disabling cryptographic certificate validation can cause security vulnerabilities.","error","Disabling certificate validation is strongly discouraged.","/index.js","10477","2","10477","41"
"Incomplete string escaping or encoding","A string transformer that does not replace or escape all occurrences of a meta-character may be ineffective.","warning","This replaces only the first occurrence of '*'.","/bundles.js","251","58","251","69"
"Incomplete string escaping or encoding","A string transformer that does not replace or escape all occurrences of a meta-character may be ineffective.","warning","This replaces only the first occurrence of '*'.","/index.js","2238","9","2238","19"
"Incomplete string escaping or encoding","A string transformer that does not replace or escape all occurrences of a meta-character may be ineffective.","warning","This replaces only the first occurrence of '*'.","/index.js","2482","9","2482","19"
"Incomplete string escaping or encoding","A string transformer that does not replace or escape all occurrences of a meta-character may be ineffective.","warning","This replaces only the first occurrence of '*'.","/index.js","3485","9","3485","19"
"Incomplete string escaping or encoding","A string transformer that does not replace or escape all occurrences of a meta-character may be ineffective.","warning","This replaces only the first occurrence of '*'.","/index.js","3895","10","3895","40"
"Incomplete string escaping or encoding","A string transformer that does not replace or escape all occurrences of a meta-character may be ineffective.","warning","This replaces only the first occurrence of '*'.","/index.js","5541","75","5541","83"
"Incomplete string escaping or encoding","A string transformer that does not replace or escape all occurrences of a meta-character may be ineffective.","warning","This replaces only the first occurrence of '*'.","/internal.js","495","32","495","45"
"Incomplete string escaping or encoding","A string transformer that does not replace or escape all occurrences of a meta-character may be ineffective.","warning","This does not escape backslash characters in the input.","/internal.js","1870","35","1870","56"
"Bad HTML filtering regexp","Matching HTML tags using regular expressions is hard to do right, and can easily lead to security issues.","warning","This regular expression does not match upper case <SCRIPT> tags.","/index.js","19398","90","19398","105"
"Bad HTML filtering regexp","Matching HTML tags using regular expressions is hard to do right, and can easily lead to security issues.","warning","This regular expression does not match upper case <SCRIPT> tags.","/index.js","19423","80","19423","95"
"Incomplete multi-character sanitization","A sanitizer that removes a sequence of characters may reintroduce the dangerous sequence.","warning","This string may still contain [[""<script""|""relative:///index.js:19398:90:19398:90""]], which may cause an HTML element injection vulnerability.","/index.js","19398","56","19398","112"
"Incomplete multi-character sanitization","A sanitizer that removes a sequence of characters may reintroduce the dangerous sequence.","warning","This string may still contain [[""<style""|""relative:///index.js:19409:82:19409:82""]], which may cause an HTML element injection vulnerability.","/index.js","19409","48","19409","103"
"Incomplete multi-character sanitization","A sanitizer that removes a sequence of characters may reintroduce the dangerous sequence.","warning","This string may still contain [[""<script""|""relative:///index.js:19423:80:19423:80""]], which may cause an HTML element injection vulnerability.","/index.js","19423","46","19423","102"
"Prototype-polluting assignment","Modifying an object obtained via a user-controlled property name may lead to accidental mutation of the built-in Object prototype, and possibly escalate to remote code execution or cross-site scripting.","warning","This assignment may alter Object.prototype if a malicious '__proto__' string is injected from [[""library input""|""relative:///builders.js:5842:27:5842:30""]].","/builders.js","5850","4","5850","14"
"Prototype-polluting assignment","Modifying an object obtained via a user-controlled property name may lead to accidental mutation of the built-in Object prototype, and possibly escalate to remote code execution or cross-site scripting.","warning","This assignment may alter Object.prototype if a malicious '__proto__' string is injected from [[""library input""|""relative:///index.js:4566:45:4566:48""]].
This assignment may alter Object.prototype if a malicious '__proto__' string is injected from [[""library input""|""relative:///index.js:4566:51:4566:61""]].","/index.js","10258","6","10258","14"
"Prototype-polluting assignment","Modifying an object obtained via a user-controlled property name may lead to accidental mutation of the built-in Object prototype, and possibly escalate to remote code execution or cross-site scripting.","warning","This assignment may alter Object.prototype if a malicious '__proto__' string is injected from [[""library input""|""relative:///utils.js:2095:32:2095:35""]].","/utils.js","2106","2","2106","6"
"Prototype-polluting function","Functions recursively assigning properties on objects may be the cause of accidental modification of a built-in prototype object.","warning","The property chain [[""here""|""relative:///utils.js:2104:17:2104:22""]] is recursively assigned to [[""model""|""relative:///utils.js:2106:2:2106:6""]] without guarding against prototype pollution.","/utils.js","2106","2","2106","6"
"Clear-text logging of sensitive information","Logging sensitive information without encryption or hashing can expose it to an attacker.","error","This logs sensitive data returned by [[""an access to xoauth2""|""relative:///mail.js:835:34:835:48""]] as clear text.
This logs sensitive data returned by [[""an access to password""|""relative:///mail.js:839:28:839:43""]] as clear text.
This logs sensitive data returned by [[""an access to password""|""relative:///mail.js:841:72:841:87""]] as clear text.","/mail.js","769","40","769","43"
"Unsafe shell command constructed from library input","Using externally controlled strings in a command line may allow a malicious user to change the meaning of the command.","error","This shell argument which depends on [[""library input""|""relative:///image.js:279:36:279:39""]] is later used in a [[""shell command""|""relative:///image.js:292:12:292:138""]].","/image.js","292","44","292","126"
"Unsafe shell command constructed from library input","Using externally controlled strings in a command line may allow a malicious user to change the meaning of the command.","error","This shell argument which depends on [[""library input""|""relative:///image.js:320:30:320:33""]] is later used in a [[""shell command""|""relative:///image.js:330:12:330:138""]].","/image.js","330","44","330","126"
"Unsafe shell command constructed from library input","Using externally controlled strings in a command line may allow a malicious user to change the meaning of the command.","error","This shell argument which depends on [[""library input""|""relative:///image.js:369:27:369:31""]] is later used in a [[""shell command""|""relative:///image.js:292:12:292:138""]].
This shell argument which depends on [[""library input""|""relative:///image.js:369:27:369:31""]] is later used in a [[""shell command""|""relative:///image.js:330:12:330:138""]].","/image.js","377","20","377","24"
"Unsafe shell command constructed from library input","Using externally controlled strings in a command line may allow a malicious user to change the meaning of the command.","error","This shell argument which depends on [[""library input""|""relative:///image.js:279:36:279:39""]] is later used in a [[""shell command""|""relative:///image.js:292:12:292:138""]].
This shell argument which depends on [[""library input""|""relative:///image.js:279:36:279:39""]] is later used in a [[""shell command""|""relative:///image.js:330:12:330:138""]].
This shell argument which depends on [[""library input""|""relative:///image.js:320:30:320:33""]] is later used in a [[""shell command""|""relative:///image.js:292:12:292:138""]].
This shell argument which depends on [[""library input""|""relative:///image.js:320:30:320:33""]] is later used in a [[""shell command""|""relative:///image.js:330:12:330:138""]].
This shell argument which depends on [[""library input""|""relative:///image.js:369:34:369:37""]] is later used in a [[""shell command""|""relative:///image.js:292:12:292:138""]].
This shell argument which depends on [[""library input""|""relative:///image.js:369:34:369:37""]] is later used in a [[""shell command""|""relative:///image.js:330:12:330:138""]].","/image.js","402","19","402","22"
"Client-side cross-site scripting","Writing user input directly to the DOM allows for a cross-site scripting vulnerability.","error","Cross-site scripting vulnerability due to [[""user-provided value""|""relative:///error.html:44:46:44:58""]].","/error.html","44","46","44","58"
"Polynomial regular expression used on uncontrolled data","A regular expression that can require polynomial time to match may be vulnerable to denial-of-service attacks.","warning","This [[""regular expression""|""relative:///index.js:2380:47:2380:49""]] that depends on [[""library input""|""relative:///index.js:1874:41:1874:44""]] may run slow on strings starting with '*0' and with many repetitions of '*\t'.
This [[""regular expression""|""relative:///index.js:2380:47:2380:49""]] that depends on [[""library input""|""relative:///index.js:2337:43:2337:45""]] may run slow on strings starting with '*0' and with many repetitions of '*\t'.","/index.js","2380","9","2384","4"
"Polynomial regular expression used on uncontrolled data","A regular expression that can require polynomial time to match may be vulnerable to denial-of-service attacks.","warning","This [[""regular expression""|""relative:///index.js:5088:31:5088:39""]] that depends on [[""library input""|""relative:///index.js:3311:45:3311:48""]] may run slow on strings with many repetitions of '0'.
This [[""regular expression""|""relative:///index.js:5088:31:5088:39""]] that depends on [[""library input""|""relative:///index.js:3311:51:3311:61""]] may run slow on strings with many repetitions of '0'.
This [[""regular expression""|""relative:///index.js:5088:31:5088:39""]] that depends on [[""library input""|""relative:///index.js:4529:47:4529:49""]] may run slow on strings with many repetitions of '0'.
This [[""regular expression""|""relative:///index.js:5088:31:5088:39""]] that depends on [[""library input""|""relative:///index.js:4529:52:4529:58""]] may run slow on strings with many repetitions of '0'.
This [[""regular expression""|""relative:///index.js:5088:31:5088:39""]] that depends on [[""library input""|""relative:///index.js:4566:45:4566:48""]] may run slow on strings with many repetitions of '0'.
This [[""regular expression""|""relative:///index.js:5088:31:5088:39""]] that depends on [[""library input""|""relative:///index.js:4566:51:4566:61""]] may run slow on strings with many repetitions of '0'.
This [[""regular expression""|""relative:///index.js:5088:31:5088:39""]] that depends on [[""library input""|""relative:///index.js:4566:83:4566:90""]] may run slow on strings with many repetitions of '0'.
This [[""regular expression""|""relative:///index.js:5088:31:5088:39""]] that depends on [[""library input""|""relative:///index.js:8967:35:8967:38""]] may run slow on strings with many repetitions of '0'.
This [[""regular expression""|""relative:///index.js:5088:31:5088:39""]] that depends on [[""library input""|""relative:///index.js:8982:54:8982:57""]] may run slow on strings with many repetitions of '0'.
This [[""regular expression""|""relative:///index.js:5088:31:5088:39""]] that depends on [[""library input""|""relative:///index.js:12914:34:12914:37""]] may run slow on strings with many repetitions of '0'.","/index.js","5088","15","5088","47"
"Polynomial regular expression used on uncontrolled data","A regular expression that can require polynomial time to match may be vulnerable to denial-of-service attacks.","warning","This [[""regular expression""|""relative:///index.js:5174:32:5174:40""]] that depends on [[""library input""|""relative:///index.js:3311:45:3311:48""]] may run slow on strings with many repetitions of '0'.
This [[""regular expression""|""relative:///index.js:5174:32:5174:40""]] that depends on [[""library input""|""relative:///index.js:3311:51:3311:61""]] may run slow on strings with many repetitions of '0'.
This [[""regular expression""|""relative:///index.js:5174:32:5174:40""]] that depends on [[""library input""|""relative:///index.js:4529:47:4529:49""]] may run slow on strings with many repetitions of '0'.
This [[""regular expression""|""relative:///index.js:5174:32:5174:40""]] that depends on [[""library input""|""relative:///index.js:4529:52:4529:58""]] may run slow on strings with many repetitions of '0'.
This [[""regular expression""|""relative:///index.js:5174:32:5174:40""]] that depends on [[""library input""|""relative:///index.js:4566:45:4566:48""]] may run slow on strings with many repetitions of '0'.
This [[""regular expression""|""relative:///index.js:5174:32:5174:40""]] that depends on [[""library input""|""relative:///index.js:4566:51:4566:61""]] may run slow on strings with many repetitions of '0'.
This [[""regular expression""|""relative:///index.js:5174:32:5174:40""]] that depends on [[""library input""|""relative:///index.js:4566:83:4566:90""]] may run slow on strings with many repetitions of '0'.
This [[""regular expression""|""relative:///index.js:5174:32:5174:40""]] that depends on [[""library input""|""relative:///index.js:8967:35:8967:38""]] may run slow on strings with many repetitions of '0'.
This [[""regular expression""|""relative:///index.js:5174:32:5174:40""]] that depends on [[""library input""|""relative:///index.js:8982:54:8982:57""]] may run slow on strings with many repetitions of '0'.
This [[""regular expression""|""relative:///index.js:5174:32:5174:40""]] that depends on [[""library input""|""relative:///index.js:12914:34:12914:37""]] may run slow on strings with many repetitions of '0'.","/index.js","5174","16","5174","48"
"Polynomial regular expression used on uncontrolled data","A regular expression that can require polynomial time to match may be vulnerable to denial-of-service attacks.","warning","This [[""regular expression""|""relative:///index.js:5279:32:5279:40""]] that depends on [[""library input""|""relative:///index.js:3311:45:3311:48""]] may run slow on strings with many repetitions of '0'.
This [[""regular expression""|""relative:///index.js:5279:32:5279:40""]] that depends on [[""library input""|""relative:///index.js:3311:51:3311:61""]] may run slow on strings with many repetitions of '0'.
This [[""regular expression""|""relative:///index.js:5279:32:5279:40""]] that depends on [[""library input""|""relative:///index.js:4529:47:4529:49""]] may run slow on strings with many repetitions of '0'.
This [[""regular expression""|""relative:///index.js:5279:32:5279:40""]] that depends on [[""library input""|""relative:///index.js:4529:52:4529:58""]] may run slow on strings with many repetitions of '0'.
This [[""regular expression""|""relative:///index.js:5279:32:5279:40""]] that depends on [[""library input""|""relative:///index.js:4566:45:4566:48""]] may run slow on strings with many repetitions of '0'.
This [[""regular expression""|""relative:///index.js:5279:32:5279:40""]] that depends on [[""library input""|""relative:///index.js:4566:51:4566:61""]] may run slow on strings with many repetitions of '0'.
This [[""regular expression""|""relative:///index.js:5279:32:5279:40""]] that depends on [[""library input""|""relative:///index.js:4566:83:4566:90""]] may run slow on strings with many repetitions of '0'.
This [[""regular expression""|""relative:///index.js:5279:32:5279:40""]] that depends on [[""library input""|""relative:///index.js:8967:35:8967:38""]] may run slow on strings with many repetitions of '0'.
This [[""regular expression""|""relative:///index.js:5279:32:5279:40""]] that depends on [[""library input""|""relative:///index.js:8982:54:8982:57""]] may run slow on strings with many repetitions of '0'.
This [[""regular expression""|""relative:///index.js:5279:32:5279:40""]] that depends on [[""library input""|""relative:///index.js:12914:34:12914:37""]] may run slow on strings with many repetitions of '0'.","/index.js","5279","16","5279","48"
"Polynomial regular expression used on uncontrolled data","A regular expression that can require polynomial time to match may be vulnerable to denial-of-service attacks.","warning","This [[""regular expression""|""relative:///internal.js:48:16:48:48""]] that depends on [[""library input""|""relative:///internal.js:1310:33:1310:38""]] may run slow on strings with many repetitions of '""'.
This [[""regular expression""|""relative:///internal.js:48:16:48:48""]] that depends on [[""library input""|""relative:///utils.js:6592:31:6592:33""]] may run slow on strings with many repetitions of '""'.","/internal.js","2991","8","2991","23"
"Polynomial regular expression used on uncontrolled data","A regular expression that can require polynomial time to match may be vulnerable to denial-of-service attacks.","warning","This [[""regular expression""|""relative:///internal.js:48:16:48:48""]] that depends on [[""library input""|""relative:///internal.js:1310:33:1310:38""]] may run slow on strings with many repetitions of '""'.
This [[""regular expression""|""relative:///internal.js:48:16:48:48""]] that depends on [[""library input""|""relative:///utils.js:6592:31:6592:33""]] may run slow on strings with many repetitions of '""'.","/internal.js","2993","10","2993","63"
"Polynomial regular expression used on uncontrolled data","A regular expression that can require polynomial time to match may be vulnerable to denial-of-service attacks.","warning","This [[""regular expression""|""relative:///internal.js:54:32:54:34""]] that depends on [[""library input""|""relative:///internal.js:3331:37:3331:43""]] may run slow on strings starting with '@{block' and with many repetitions of '@{block'.","/internal.js","3337","7","3337","33"
"Polynomial regular expression used on uncontrolled data","A regular expression that can require polynomial time to match may be vulnerable to denial-of-service attacks.","warning","This [[""regular expression""|""relative:///internal.js:54:32:54:34""]] that depends on [[""library input""|""relative:///internal.js:3331:37:3331:43""]] may run slow on strings starting with '@{block' and with many repetitions of '@{block'.","/internal.js","3368","15","3368","40"
