"Inclusion of functionality from an untrusted source","Including functionality from an untrusted source may allow an attacker to control the functionality and execute arbitrary code.","warning","Script loaded from content delivery network with no integrity check.","/examples/browser/pretty_printing_with_mathjax.html","8","3","8","119"
"Inclusion of functionality from an untrusted source","Including functionality from an untrusted source may allow an attacker to control the functionality and execute arbitrary code.","warning","Script loaded from content delivery network with no integrity check.","/examples/browser/requirejs_loading.html","6","3","6","97"
"Inclusion of functionality from an untrusted source","Including functionality from an untrusted source may allow an attacker to control the functionality and execute arbitrary code.","warning","Script loaded from content delivery network with no integrity check.","/examples/browser/rocket_trajectory_optimization.html","8","3","8","92"
"Shell command built from environment values","Building a shell command string with values from the enclosing environment may cause subtle bugs or vulnerabilities.","warning","This shell command depends on an uncontrolled [[""absolute path""|""relative:///test/node-tests/lib.test.js:27:32:27:40""]].","/test/node-tests/lib.test.js","28","13","28","30"
"Shell command built from environment values","Building a shell command string with values from the enclosing environment may cause subtle bugs or vulnerabilities.","warning","This shell command depends on an uncontrolled [[""absolute path""|""relative:///test/node-tests/treeShaking/treeShaking.test.js:72:35:72:43""]].","/test/node-tests/treeShaking/treeShaking.test.js","72","15","72","56"
"DOM text reinterpreted as HTML","Reinterpreting text from the DOM as HTML can lead to a cross-site scripting vulnerability.","warning","[[""DOM text""|""relative:///examples/browser/custom_separators.html:74:34:74:47""]] is reinterpreted as HTML without escaping meta-characters.
[[""DOM text""|""relative:///examples/browser/custom_separators.html:74:51:74:60""]] is reinterpreted as HTML without escaping meta-characters.","/examples/browser/custom_separators.html","72","24","75","10"
"Exception text reinterpreted as HTML","Reinterpreting text from an exception as HTML can lead to a cross-site scripting vulnerability.","warning","[[""Exception text""|""relative:///examples/browser/currency_conversion.html:116:51:116:60""]] is reinterpreted as HTML without escaping meta-characters.","/examples/browser/currency_conversion.html","120","26","120","82"
"Inefficient regular expression","A regular expression that requires exponential time to match certain inputs can be a performance bottleneck, and may be vulnerable to denial-of-service attacks.","error","This part of the regular expression may cause exponential backtracking on strings starting with '/**' and containing many repetitions of '\n'.","/tools/docgenerator.js","68","31","68","64"
"Inefficient regular expression","A regular expression that requires exponential time to match certain inputs can be a performance bottleneck, and may be vulnerable to denial-of-service attacks.","error","This part of the regular expression may cause exponential backtracking on strings starting with '/***' and containing many repetitions of '\n*'.","/tools/docgenerator.js","68","48","68","61"
