"Clear text transmission of sensitive cookie","Sending sensitive information in a cookie without requring SSL encryption can expose the cookie to an attacker.","warning","Sensitive cookie sent without enforcing SSL encryption.","/examples/express-session-parse/index.js","17","23","21","2"
"Disabling certificate validation","Disabling cryptographic certificate validation can cause security vulnerabilities.","error","Disabling certificate validation is strongly discouraged.","/examples/ssl.js","31","5","31","29"
"Disabling certificate validation","Disabling cryptographic certificate validation can cause security vulnerabilities.","error","Disabling certificate validation is strongly discouraged.","/test/websocket-server.test.js","639","13","639","37"
"Disabling certificate validation","Disabling cryptographic certificate validation can cause security vulnerabilities.","error","Disabling certificate validation is strongly discouraged.","/test/websocket.test.js","2175","11","2175","35"
"Disabling certificate validation","Disabling cryptographic certificate validation can cause security vulnerabilities.","error","Disabling certificate validation is strongly discouraged.","/test/websocket.test.js","2207","11","2207","35"
"Disabling certificate validation","Disabling cryptographic certificate validation can cause security vulnerabilities.","error","Disabling certificate validation is strongly discouraged.","/test/websocket.test.js","2221","11","2221","35"
"Disabling certificate validation","Disabling cryptographic certificate validation can cause security vulnerabilities.","error","Disabling certificate validation is strongly discouraged.","/test/websocket.test.js","2248","11","2248","35"
"Disabling certificate validation","Disabling cryptographic certificate validation can cause security vulnerabilities.","error","Disabling certificate validation is strongly discouraged.","/test/websocket.test.js","2269","11","2269","35"
"Disabling certificate validation","Disabling cryptographic certificate validation can cause security vulnerabilities.","error","Disabling certificate validation is strongly discouraged.","/test/websocket.test.js","2316","11","2316","35"
"Missing CSRF middleware","Using cookies without CSRF protection may allow malicious websites to submit requests on behalf of the user.","error","This cookie middleware is serving a [[""request handler""|""relative:///examples/express-session-parse/index.js:29:20:38:1""]] without CSRF protection.
This cookie middleware is serving a [[""request handler""|""relative:///examples/express-session-parse/index.js:40:23:49:1""]] without CSRF protection.","/examples/express-session-parse/index.js","17","23","21","2"
